sepal length,sepal width,petal length,petal width,species
1.0959930539395595,-1.2767711233367869,1.1927791061498085,0.814777335382633,2
0.532296507535898,0.5691127770017993,1.2463909669496318,1.6995869802859331,2
-0.1736739476359015,-0.36217624558027245,0.25122142695812444,0.13250973218556866,1
-0.9087020804927952,1.739765074437137,-1.0583258384207461,-1.0062010783185282,0
-1.5065205225160663,0.3284140531956675,-1.3402265266227635,-1.3154442950077407,0
1.6728938736317949,0.3470978039253008,1.2801034900035617,0.8265451977907108,2
-1.0316465710910097,1.036906047190824,-1.1969370590646895,-0.7530382489651761,0
0.18880306530257843,-1.9466582489841644,0.6664817565564478,0.3946653451606046,2
-0.16499243638404407,3.09980245291112,-1.2939337773643442,-1.072822060229921,0
1.299343394369294,0.2966372334867366,1.0977128289845495,1.470735861689282,2
0.44065824005148907,-1.9763096819863286,0.40955693826897765,0.380248979786699,1
-1.1430169111851116,-0.1319794793216258,-1.3402265266227635,-1.3154442950077407,0
-1.2641847816287635,-0.1319794793216258,-1.3402265266227635,-1.4470764792980415,0
0.18315470905083586,-1.9822177905109792,0.7255119657860133,0.38501114645598256,2
-1.2605847831912669,-0.10704581347690427,-1.3467087354234388,-1.4809062160484743,0
-0.9413397672219349,1.7425837812789344,-1.0652023917243945,-1.0500229243003867,0
-0.30974515902665467,-0.12200423765689765,0.19915646086081798,0.1307379516785918,1
-0.3921001252393369,-1.4914370616054686,0.008752462379659534,-0.18552989067834758,1
-0.04732955480202368,-0.8347429512728908,0.06239961474452947,-0.00037703287320522787,1
-1.2827700989793578,0.7749907035610445,-1.1969747136249116,-1.3262923998611653,0
-1.9156802526515782,-0.15656027784144075,-1.4842136084418918,-1.4479649527264438,0
-0.3898101148124851,-1.5077843507255873,-0.01642129135026166,-0.25680356016596634,1
0.052105767410458054,-0.15179809800035038,0.27657244872967907,0.42321322905510006,1
-0.8118367634090758,2.3814129568859705,-1.2788489138906325,-1.4207036339684866,0
1.0380047568006114,0.09821728693702086,0.3648962807853308,0.2641419164758693,1
-1.2418622801996084,0.786088497945499,-1.080948005187915,-1.3218246321726907,0
-0.07261915122890472,-0.8026643069430675,0.07896823466301235,0.007671808174117207,1
-0.31202526889853355,-0.3842938071058405,-0.08531277248107055,0.1445255378589988,1
-0.5797423027639557,1.9214033585011299,-1.4023306013369703,-1.0658931224578083,0
-0.40631726721862865,-1.4969279150874684,-0.020784693864154578,-0.2666711143737252,1
-1.50730260098889,0.8245808880711121,-1.3498806702466923,-1.1638310047105527,0
1.025268981316509,0.5404444809434259,1.124845041320651,1.7108188911988316,2
-0.04056047381283376,-0.8243774456694555,0.17497694325835564,-0.2815181733341359,1
-0.021974282021824616,-1.0663604576501262,0.14757814700459718,0.022191105031860454,1
-0.8866764957538126,1.719322992900032,-1.2910815828862254,-1.1634369683368007,0
0.31773490412083016,-0.5873003358234355,0.15925965397506633,0.14352512119794966,1
-1.25008744290432,0.7940699335578372,-1.0429915978027773,-1.3156201393328177,0
-0.9006811702978099,0.7888075857129598,-1.2833890997091604,-1.3154442950077407,0
-1.1740805708692847,1.2539200720617618,-1.3255003828326601,-1.4395908559538344,0
0.10552559019057708,0.31029268113079517,0.5965990776481487,0.7899543601955747,1
0.3839062272733894,0.7955174433859901,0.9340288955812395,1.4497003311963617,2
-0.1736739476359015,-0.1319794793216258,0.25122142695812444,0.0008775478952676988,1
0.4313147044681977,-0.5835090104289036,0.5968382577857686,0.7918521879344895,2
-0.7868447623734354,2.407424020471605,-1.3031811064956562,-1.438072666490549,0
2.1120597685412847,-0.11982424357455715,1.6004647958467924,1.1584986704386364,2
-0.7807360242263622,2.3781416168634313,-1.274279666930296,-1.418182088090274,0
-0.9055604966322158,1.0211024754760196,-1.338645197189567,-1.2927770616771095,0
-1.0218490407414607,-0.1319794793216258,-1.2265516727955572,-1.3154442950077407,0
1.8861798499061706,-0.5923730118389191,1.3311325383165837,0.9223028379273737,2
-1.3162325710745975,-0.11584031648590035,-1.334773769182401,-1.1980855920982294,0
0.2797305484411881,-0.5862261998430492,0.5489414471132998,-0.01974069360606272,1
1.6345413738631156,0.3458625384422186,1.305243476149485,0.7954707336376243,2
-1.6451579339581734,-1.6928235323996779,-1.3609936424208773,-1.192044783237871,0
-0.8707289118862218,1.026579063731773,-1.3232781796117252,-1.1952277727464382,0
0.565621536226843,-0.8279651983066105,0.6456932312479171,0.8161082753236625,2
-1.8774198828542696,-0.1768122914545305,-1.5100168988904838,-1.4471691126849537,0
1.0561719238540066,-0.12635902983107794,0.8644164068756041,1.477419282476728,2
0.5715939432278472,-0.8058463305181144,0.6481273828048247,0.7852587009009877,2
0.6635101480461785,-0.8108054712925069,0.8839551262265544,0.9396143083111878,2
-0.5508597290285641,0.774159422077591,-1.3009966078067898,-1.0065601016412566,0
-0.5037460724348586,1.9461582984323902,-1.3852614089915936,-1.0751907437169108,0
-1.399505863259099,0.3487633907902633,-1.2501409433497588,-1.2998016883913432,0
-1.240891578202992,-0.1812139197066212,-1.355973327798303,-1.4807963569928797,0
1.6438441090188678,1.2492011182302531,1.3311325383165837,1.712095943669179,2
-1.0047134604464032,1.0192393119925305,-1.1999462968052692,-0.7717844971261348,0
1.5030982625043094,-0.14521877288109333,1.2301643933258597,1.1821895735024581,2
-0.29484181807955345,-0.36217624558027245,-0.08980313452349442,0.13250973218556866,1
-1.397391200622339,0.3217196990231135,-1.386855949841504,-1.3175481858727347,0
1.0487744252997668,0.09418674694197447,0.3580464867661592,0.2360115461771392,1
-0.19634850073864965,-0.5838470379813506,0.20596862523927154,0.1342684953758457,1
-0.9043847415385271,1.7214299178976475,-1.254775817480868,-1.291800331169404,0
-1.873325204228376,-0.15382646852234014,-1.5213380193571546,-1.4646087630672755,0
0.5525263578547602,-0.8189748758570965,0.601887252660424,0.8282776010229531,2
-0.9006811702978099,1.0190043519716065,-1.3402265266227635,-1.3154442950077407,0
0.5533332750260058,-0.8225697780975647,0.6490834153533465,0.7906706536370729,2
-1.1228148708502328,0.11818733173085705,-1.2828281042761442,-1.3197875964106716,0
-1.6648439875213252,-1.7242677813465954,-1.409175878866956,-1.1944871126295882,0
-0.1736739476359015,-0.5923730118389191,0.194384000044521,0.13250973218556866,1
1.1628932931972473,-0.09989315826483089,0.9840958992904094,1.2047379469397044,2
0.5525670910241718,0.5260934898878065,1.2883927821958912,1.7509023662887087,2
0.5433924305541055,0.5213376066404417,1.279667574535434,1.7265983454373535,2
-1.0180343877394737,1.2194225118366093,-1.3415874701175488,-1.310205052554007,0
1.0456200664020872,0.5664420127073283,1.114295088075263,1.2230993782945487,2
0.06866179325140129,-0.1319794793216258,0.25122142695812444,0.3957741007661703,1
0.06239062979252377,-0.13553431877890226,0.27053143039037675,0.3951275402683582,1
2.26455132516933,-0.1525426950154009,1.3382738139498354,1.463764310754495,2
1.028448085585039,0.5592079755150625,1.0987804660696083,1.6713351994483463,2
-0.8913585982461466,1.0334389954781984,-1.3374589763253182,-1.3002459085739873,0
1.1632649763911378,-0.1527311712825335,0.996220553794611,1.1826457476762375,2
0.1951212980546873,-0.8232607833979764,0.7529177753475577,0.5290990345043088,1
-0.05362429486494888,-0.8470896336420333,0.1827102184020452,-0.28272558625589017,1
-1.4894755039581087,0.7936802246386117,-1.342327756127781,-1.1565427750248907,0
-0.5364555856484519,1.9758534926840516,-1.3989317633655514,-1.0495595070246182,0
-0.9956589094786952,-0.12352822732522306,-1.210885089495428,-1.333457167931008,0
1.5129167280564184,-0.1401153068836728,1.2072481006834526,1.2077145233045627,2
1.1503727824888934,-0.6352485509621313,0.6000343995049972,0.25654329270872217,1
-0.149549287617538,-0.5795069142942834,0.3964179719326689,0.1680433934474214,1
2.255117552589958,1.6846568729741684,1.6807151367604618,1.36971431664212,2
-0.8838165766440114,1.6819947932551678,-1.064186278817907,-1.0638741195741506,0
-1.2306815789875118,-0.09653482988235226,-1.3438204452093891,-1.4547380705314503,0
-0.4269587773229549,-1.5167969259682652,0.025689507419819794,-0.11866220631887087,1
-1.5141540677684788,0.3256621808302765,-1.3677515113306444,-1.320206430308707,0
0.3024639234537941,-0.6033497399394989,0.13769085622891045,0.12180763133115471,1
-0.052506077192250644,-0.5923730118389191,0.7627582691805523,1.580463759378878,2
2.490549698087211,1.6970844683133508,1.4636487426963551,1.0607259472791721,2
0.03488607934870993,0.3796979926389809,0.5739234553244007,0.8102786038489501,1
0.6827431156240836,0.3405434556373504,0.9258656565401039,1.436398352715486,2
0.6858968137646377,0.10102984541759064,0.98113335556611,0.769673117805608,2
0.7777525329091808,0.3164147534756094,0.7955189908811265,1.0713017757415408,2
1.6585001516788647,0.29803878150649904,1.2708670853417061,0.7574880510660396,2
-0.8833365553983469,1.002549175819255,-1.3275569088118844,-1.3156570087041943,0
0.5696919169663064,-0.39606035803680784,1.0763359433609387,0.8063965649983064,2
-0.7833822882507209,1.0430893251390554,-1.2683569370488113,-1.279041611852116,0
2.526981551220373,1.7131100960308108,1.499381786134705,1.0841009290787156,2
-0.17062826743120488,-0.12531709640315136,0.2754305259684356,0.03229542643453528,1
0.6412320904500541,-0.8645370375516584,0.8828052134835211,0.9061254032614234,2
-0.8062364708320578,1.0361915115967197,-1.2763952093466138,-1.26780565000353,0
-1.5170382648382315,0.8198837749034104,-1.3274632988284185,-1.1977867882419637,0
0.21760077745027204,-0.35717110498851334,0.40527969110688694,0.42727277324533797,1
-1.2734929353754187,-0.1380085329147942,-1.3014437637421934,-1.1616984638411052,0
-0.2021821671465481,-1.0296803178992484,-0.1485263074189483,-0.28459919429621683,1
0.4403323595699924,0.7799761126529919,0.9395716726649731,1.4454556730185864,2
2.1500979714928747,-0.1453884334140957,1.6027391454048836,1.1891948140287063,2
-0.061485427761199904,-0.80107956089768,0.7722077533323607,0.9336678314703697,2
-1.14523185470789,-0.13717961418905167,-1.328969999323105,-1.3412746743416317,0
2.2477309472887974,-0.10851102385574525,1.313500840589409,1.4558338553192185,2
-0.4091056174410761,2.6441609094796186,-1.3477307356481503,-1.30032358515865,0
-1.0286295943455555,1.0378385401456311,-1.423617921517191,-1.1831996531485625,0
0.559242864822884,-1.2337614342612737,0.6279148629437804,0.3578284847892056,1
1.367823336236925,0.33476405597347436,0.5176418129069953,0.24095165413198136,1
-1.2562446293470177,-0.16872049042798998,-1.3426826347513852,-1.4271680517783416,0
-1.1642015958953589,-1.2926664100014515,0.4096127980317296,0.6894204165558547,2
-0.8991446782562554,1.479521608669449,-1.2744137919185896,-1.028880329843136,0
-1.313148680523312,-0.09885293026488327,-1.2891897771587646,-1.191915216639973,0
-0.047917541053614614,-0.8241888638173759,0.7755865874530851,0.9229253598721748,2
0.5851941311920823,-1.7638797298902347,0.3578440447969116,0.14211371652283825,1
-0.27821443097344056,-0.0784397353229205,0.41420421926010026,0.3866150411567865,1
-0.9084698568521091,1.7155214517100372,-1.2884415508756952,-1.1846634436601835,0
-1.1461223507623335,0.10953139172957205,-1.2974643231424463,-1.449463131923274,0
2.2760518342385967,1.703795138342052,1.659508347016841,1.313641240583447,2
1.2969420510171867,0.06947638567252061,0.9140021489728685,1.1922281834308432,2
-0.16343697064739707,-0.6067473677450055,0.42258716749464104,0.13077612582850554,1
-1.6201178338963684,-1.756180273774377,-1.396596387401546,-1.1958037264838188,0
-0.4311280434029764,-1.5261579918026333,-0.020628867419292284,-0.3089157281415804,1
-0.38267426569384283,-1.4871439240825415,0.024361175081285987,-0.13662104800720895,1
-0.42518138219094664,-1.526852872266201,0.03256046042926438,-0.12571896461288992,1
-0.43331883206120264,-1.0394501357323032,0.3482494545585265,-0.03463981392335365,1
-0.31240270350165644,-0.8559222819178073,0.2635223263306918,0.14513094842563967,1
0.5050895912608964,-1.7594946736681212,0.36766310431395127,0.12861123110323186,1
0.30435534222872923,-0.595417902972706,0.5241280395595045,-0.007980203502941518,1
1.2749059928298243,0.08637766002194129,0.9375169999755599,1.1931988704267469,2
-0.43959950502380485,2.615738385039371,-1.3127887240463982,-1.3251221752720692,0
-0.1658656246589821,-0.5904303754551913,0.4219499620642937,0.13138122769373875,1
-0.6491659639026255,1.4472003529428292,-1.2706271313182658,-1.326216691107995,0
1.00041250393086,0.539173009264468,1.1308430696209408,1.7485832602208158,2
-1.4913916968135525,0.7832363473452806,-1.3588245996282893,-1.2011710962845532,0
-0.16598588308443923,3.0653831340043665,-1.2545146082169136,-1.0621920049259002,0
-1.4901434527025992,0.06490700276450666,-1.3283787143721015,-1.2954150212467999,0
0.5381397135445768,-0.8206924559975015,0.6681947656549737,0.8068484526243541,2
-1.039443662666826,-0.12952777491003287,-1.2379919077020614,-1.3187665173126704,0
0.6794922915911206,-0.8231595048879136,0.8753798453353829,0.9345602741320673,2
0.5275228073824727,-1.2747989398845354,0.6701511338473344,0.9134229067458094,2
-0.21103512287467974,-1.2810237553764638,0.7458486778766465,1.0516116900788666,2
-0.7714569335756714,1.0202460997410614,-1.3094677882739805,-1.3164679492923006,0
-0.5285534886489084,0.7489767106903893,-1.2700445230521695,-1.0718147915779586,0
0.19659856008929624,0.7926223939086166,0.4355002956870713,0.5383254501364179,1
1.1591726272442622,-0.1319794793216258,0.9901079768349651,1.1855672065079756,2
0.5417428949125446,-1.3194624027713,0.7338701594881728,0.9416623039981884,2
-0.18174627701913615,-0.5847166845159962,0.43846245759527247,0.13023204503305635,1
0.310997534138703,-0.5923730118389191,0.13754657313091806,0.13250973218556866,1
0.05400995479229642,0.33302623468736964,0.5667618783554593,0.7777851630005159,1
0.44665731374422246,0.7644653216011097,0.9661575776253385,1.4145260594695563,2
-0.40349233345230257,2.6098241047221182,-1.3610787857432622,-1.2933569238302032,0
-1.1775969900975358,1.2320709437111892,-1.3513920847734202,-1.4552419549122209,0
-1.133804334125387,0.09186987971456935,-1.2646597384258067,-1.3520621161768664,0
0.0871540558545002,0.332497530352127,0.6020433020642074,0.7854879263409315,1
-1.2904948187165484,0.06773832504614041,-1.2732699387338617,-1.3290057689970682,0
0.6833830942093688,-0.5708945728467222,1.0542044023658277,1.1676119022285787,2
1.0380047568006114,0.09821728693702086,0.5354085615261401,0.3957741007661703,1
-0.44087724874253853,-1.4822893701712565,-0.02491922890360656,-0.2776264524300972,1
-0.03574940907111123,-1.0369347662846555,0.15692013315661366,0.012408471501861564,1
0.813184132987576,-0.5887308031394161,0.49112567296314463,0.4033724293534793,1
-0.8689274735234299,1.702155373168445,-1.074880362505661,-1.061148687694246,0
-0.05772797276077666,-0.8223878873798485,0.7805298712134623,0.9447390870549337,2
-0.760282117019459,2.3773367120558477,-1.3068516049959498,-1.4689368071920685,0
1.6434869844113016,0.3141596835660771,1.2708164426334043,0.7925136773489612,2
-0.16036912413036966,-0.15428290093454416,0.2794994974953038,0.021353764775850523,1
-0.15295660234343134,-0.6036489310191085,0.1952089326329625,0.13127976458074594,1
-0.511588653573418,0.8169365897719033,-1.300449052878046,-1.007606992487491,0
-0.3263175213237174,-0.12266381514539348,0.4127254411783547,0.37426543193603984,1
-0.41425929124830563,-1.077043729890502,0.36257793068077215,0.02204265051977243,1
0.2191956340565764,-0.36539282314873933,0.4545730843812945,0.38550426443497915,1
2.1285155907934725,-0.1319794793216258,1.6153196728845993,1.1855672065079756,2
-0.17164114922315643,-1.288805388652172,0.7444589973821883,1.093569079244681,2
-0.905483820010349,0.5219925603541323,-1.185794861673444,-0.9095270076719586,0
-1.2506776886709887,0.8111249161267151,-1.0487015477484776,-1.3211676597085429,0
-0.052506077192250644,-0.8225697780975647,0.7627582691805523,0.9223028379273737,2
0.998785648366651,0.5306235088586863,1.1432921135025724,1.6911576583627408,2
1.6559178115585473,0.313514258517775,1.2775315418916389,0.8346352435611251,2
-1.1215214922308112,0.11931211225003742,-1.2826100694594667,-1.3323404487150388,0
0.18839459269456413,-1.9726352775505658,0.15272856401315799,-0.2597515934289374,1
1.0504008950258001,-1.2970891720815056,1.1622152809343624,0.7780091312509061,2
0.20105355985073464,0.7939261276316882,0.44192693318115817,0.5370926290934734,1
0.407571443732374,0.7625127966504035,0.9413134378212051,1.4263743326213376,2
0.6634004731444747,-0.8235895298146565,0.9034061135400029,0.9583125204940665,2
-0.6330200833312958,1.4742052370493248,-1.2761128573712819,-1.3636291800181162,0
0.06520357489619198,0.3286862458961085,0.6069751405453111,0.7635130251230101,1
0.1921620817581751,0.7921372192617666,0.44254155138648205,0.5056917022617226,1
-0.30672123097853404,-0.13960259293508,0.17627003639873834,0.12911967148842027,1
2.0848364289637176,-0.12703556791697532,1.605305527627844,1.1558144410189606,2
-0.17500933118433365,-1.2815818299414796,0.6981795565044333,1.0535864423334742,2
-0.19073979821230083,-0.5867600783525071,0.19238534292103118,0.14394369948763083,1
-1.5168114932113614,0.31997601539589693,-1.3453107801255253,-1.3229983007371684,0
1.0717889872080324,0.5567535418989293,1.0908218805282195,1.1800889122425553,2
2.2250134675566615,-0.5991464641568957,1.673010389399357,1.0895495424805393,2
-0.7621619151420449,1.0321573279711824,-1.2745294745182176,-1.2904580182533485,0
0.42319747778048045,-0.3659454901340756,0.29516200588322433,0.14428048666168425,1
-0.9104038785443392,1.7258563246006553,-1.0260424036976863,-1.0613541555989805,0
-0.0635413653664806,-1.0237448870772352,0.13578813027608133,0.004970530268446078,1
-0.1793495857813199,-0.37270603524905777,0.2792666443105406,0.1115698795938691,1
0.668561136373502,0.11378631220574012,1.0074991330999588,0.7834794429359949,2
1.1459555111758366,-0.12742722294319542,0.9980192197427873,1.192027054525232,2
1.8946073526118494,-0.6093195494504958,1.3296358151451655,0.9204233911271836,2
2.1158928446936494,-0.15509230486464903,1.6241268133107993,1.209493033603465,2
-1.02057049849138,0.9800992609797677,-1.2657620617702885,-0.7891618744167965,0
0.41448533022202383,-0.32102938350509336,0.3091881958293051,0.13741577230682864,1
1.032026908533261,0.046477491282514036,0.322290991175506,0.24378529052106035,1
-1.0218490407414607,1.0190043519716065,-1.2265516727955572,-0.7889155578465374,0
-1.8693725548856455,-0.12644966993483647,-1.523144325845083,-1.4376564032773829,0
0.6737452255823478,-0.3581137913037371,0.28433182869893,0.08879318998085615,1
-1.2429672112028358,-0.1075575254564094,-1.3361670334827682,-1.4570808866274858,0
-0.9105066910373807,1.702856535682483,-1.2633142012047134,-1.1730528285405435,0
1.2562933368634415,0.3397641935215725,1.068455768377545,1.4598353817692702,2
-0.1580688937043691,-0.5755293397908698,0.4110214299943863,0.12444874618517682,1
-0.05868223107484061,-0.8397983806864405,0.7768326193179764,0.9470368911276887,2
-1.4958876931540543,0.8037925217459374,-1.3517708253281255,-1.1726244503701664,0
-0.05372556273998591,-0.5921143534453825,0.7759075709631058,1.5659204955548627,2
-0.3972860452956937,-1.0391938444810556,0.40326290871779724,-0.014386944581692675,1
1.2666968162960688,0.35863675994062816,1.0920550252010852,1.4639889111010114,2
1.6306723769233102,0.36142845674129875,1.295294820202818,0.7754576381250015,2
-0.773099563889184,2.408612468748994,-1.2710542760726966,-1.489223690212844,0
-1.2587035841229712,-0.12350788988792173,-1.3030000212885917,-1.1744436904639983,0
-0.4160096885232043,-1.5131600768735047,0.023871719303711698,-0.13075463639503299,1
2.129334160000968,-0.13840081528915774,1.583576388504106,1.1671632683716262,2
-0.6821206853783525,1.4718253865141773,-1.276551264246068,-1.2808800649639918,0
-0.08049392326255998,-0.8430168165927988,0.09393100014545448,0.010833206075193657,1
0.6975052883027704,-0.3815375810425591,0.31208971495371846,0.14129758306764356,1
0.43717804966093576,0.7736779285791976,0.9473113746753393,1.5057214599831634,2
-1.2641847816287635,0.7888075857129598,-1.056039392054748,-1.3154442950077407,0
-0.9060871204211459,1.023778584149536,-1.3513440041165563,-1.1743839923761648,0
-0.19283964860711802,-0.5972085388985856,0.24359726932953193,0.16034332107572535,1
-1.0317156497955473,1.0276456959530702,-1.2286016228837382,-0.8019231712406801,0
-1.0009427100179478,1.2529859967176022,-1.3209544226565437,-1.3099929231983882,0
-1.2842116235223706,-0.13702325733485185,-1.3246644711101156,-1.1751192345156858,0
0.5945766254139084,0.7677577756336241,1.0510135430942207,1.5644751085063937,2
2.246982866670616,1.7071252743696497,1.6997809121225393,1.3413830020487494,2
-1.9035442048177738,-0.1583227826643784,-1.5192192793338926,-1.4574853195705297,0
-1.004270248917338,-2.418885841655033,-0.1810576304486191,-0.27045639310217084,1
-1.1301229697015998,0.11343459088964529,-1.2706384348199007,-1.440262567876783,0
-0.029584861752361115,-0.8291816884185874,0.741584350464477,0.9287980440099445,2
0.20331176387579025,-0.34299790000857566,0.4314228820776777,0.39055899859522225,1
-1.734636096997948,-0.39005656502504943,-1.3561341595634278,-1.2893803253907714,0
0.5083773583132207,-0.8270854053879371,0.6459339614695903,0.7874656963282837,2
-0.26481826645271134,-0.8264783223895761,0.21008574727403287,0.1287390702046402,1
0.19957546563779632,0.7971919197246559,0.41531658942837957,0.5431515100458961,1
-0.374785350357174,-1.513827863563901,0.04445303062507125,-0.13182039397951537,1
0.4529136854639057,-0.3461968835218016,0.3061512621731634,0.12315283799350873,1
-0.4220907155208823,-1.768374508492088,0.1442540166963274,0.13354340784337795,1
2.2449728049479694,-1.0564386141348008,1.7977826240651853,1.445991581807985,2
-0.1580167922618725,3.1074136375625487,-1.2863081795439457,-1.0600185173656023,0
-0.4421256200057818,-1.48061151819036,0.005383942509310985,-0.1516276462911372,1
-0.20107880373949225,-1.0591749507859578,-0.16157758041575315,-0.2449981969343045,1
-0.4641499773448793,-1.0637827324927878,0.34685786090977255,0.03238223753652286,1
0.21878826260721296,-0.36042070872845466,0.38847089808858937,0.3589020637683682,1
-1.7482254262081236,-0.35644774177989,-1.3399465468485616,-1.3087145255454617,0
0.06866179325140129,0.3284140531956675,0.5922459884397431,0.7906706536370729,1
-0.9006811702978099,1.4793978844888998,-1.2833890997091604,-1.052179926427139,0
-1.1776306642830048,0.0649936503812992,-1.2737382722099133,-1.3258957289650015,0
-0.52676290855705,1.9311784088587907,-1.3524254184096691,-1.0835297161266149,0
-1.5084334451791028,0.2922689550540269,-1.3695963142818224,-1.272871328452077,0
0.6746378131317017,0.3126080448511387,0.8714905452757817,1.4219544076382549,2
1.5561222992148651,-0.13570622889352396,1.2264207995718692,1.1964817130352972,2
-1.1430169111851116,0.09821728693702086,-1.2833890997091604,-1.4470764792980415,0
-0.06414787664742011,-0.7986441985812451,0.07457907622226173,0.02296123630482078,1
-0.14860638244745383,-1.0524919062668117,-0.1245199979176432,-0.2568492049004836,1
1.0396123120106269,0.529472116066723,1.150945635002136,1.1849885346408453,2
-0.14571477666971383,-0.5924192848062589,0.2107063731887227,0.11847834026092437,1
1.6415035515498113,0.3503000673343805,1.254707030548596,0.846943773193607,2
-0.17905904852867122,-0.6018840835707229,0.3822211968921969,0.1537103126030033,1
-0.15090895529648013,-1.2846311599526066,0.696215289670572,1.0427316290517374,2
-0.89986422261777,0.5321580332479835,-1.1969461935706078,-0.9490824434298076,0
1.1765111323730706,0.3081182667064207,1.2065204414473527,1.4524140028512877,2
-1.2029969348246055,0.07256803840830932,-1.2609502199031195,-1.328733076902933,0
0.05026621109102357,-0.13302506518951232,0.7556190187884904,0.7956113151361147,2
1.1591726272442622,0.3284140531956675,1.2174576844893779,1.448831575088577,2
0.04290744885728108,0.32784992663083473,0.5983406925322085,0.77594933238265,1
-0.30264570824950987,-0.34857597622129266,-0.10264661944176996,0.13713407182353582,1
-0.025349315627868144,-0.8009282473177225,0.7718874906551905,0.8956774323961444,2
1.0649643193191345,0.08471761606849022,0.5757131268205197,0.4075971895335078,1
0.7821531850028484,0.31708731373295695,0.7959688724077032,0.9977039000425693,2
1.6599269045725638,0.29540843858011967,1.3023921502065887,0.7838546393784799,2
0.5393240312977318,0.8011846841298064,1.033356276491684,1.60069127769515,2
-1.1320354251623579,0.11390574751746457,-1.2744182903831958,-1.3491467609234895,0
0.6715121414564013,0.11015693680918913,0.9625188183542182,0.7812532974943319,2
-0.33744218488392275,-0.11471499682999144,0.22311237557989175,0.162303838012929,1
2.2677314615021045,-0.11193514244153817,1.357359123846457,1.466313506027531,2
-0.1811151652009347,-1.3172377351292122,0.7239385544817357,1.0394006115378684,2
2.249683461237124,-0.5923730118389191,1.672157099798203,1.0539350222176747,2
-0.29484181807955345,-0.1319794793216258,0.42173370769893376,0.3957741007661703,1
-0.9961619631966789,-2.4120328942815736,-0.13588130351438804,-0.22295399401669147,1
-0.5539446950115843,1.9448843018602686,-1.1733023069515403,-1.0572460527155545,0
-1.0218490407414607,-2.43394714190809,-0.1466405614370976,-0.262386820685334,1
-0.44260027232187726,-1.555062965431414,-0.03231115941093795,-0.28474664725782894,1
-0.040830232432267244,-0.8138881305877523,0.7557796669847592,0.9061724503421661,2
-1.5057375742382395,0.3220034485890156,-1.3192190753251822,-1.3289608389463197,0
-0.5238266701130918,1.9955339103288936,-1.173994546364427,-1.0681330941073868,0
-1.0019848666797968,-2.4323304852079612,-0.16391354837919095,-0.24622041326929964,1
0.5606076954239223,-0.8409485621697921,0.6039355049570113,0.7988109598504222,2
-0.9957395485927065,-2.4509492546382425,-0.14705509637997127,-0.2741018894704446,1
1.2755461519377547,0.30898916962409756,1.1236402455774592,1.4573659839779451,2
0.05766260530523934,0.31414207341839195,0.5557831233964607,0.8257137471804452,1
0.5539387087315879,-0.5808827076550547,0.773939568693781,0.38292204462939955,2
0.4356279946024246,-0.37370106429113287,0.30868040912956407,0.127469893573379,1
0.031193045028085266,0.3190477514834742,0.6005815487350068,0.7688678416706758,1
0.4080703935604066,0.7839508853004844,0.9370484844750075,1.4347523367968593,2
0.6795529003533654,-0.3447732477449968,0.3144470327965548,0.15768494743778266,1
-0.18962055023065547,-0.372793146007334,0.2732505043433405,0.1460180649835862,1
-1.5095859026371519,0.7734651728335741,-1.3652574532423496,-1.173590549729845,0
1.1323765428136483,-0.17797856091157874,0.9852209965245464,1.1792416774026242,2
-0.903562920842532,1.722246500904681,-1.2611991778544502,-1.312157405543207,0
-1.3777213736431126,0.2978760722978261,-1.3732322457616806,-1.330650194581974,0
1.1591726272442622,-0.5923730118389191,0.5922459884397431,0.2641419164758693,1
-0.29484181807955345,-0.8225697780975647,0.25122142695812444,0.13250973218556866,1
-1.0038609530317502,1.2592930135130849,-1.3161967701843245,-1.309658739333099,0
1.2458896999676121,0.35778572888415505,1.1010770976574338,1.463755741345025,2
-0.9133565961279172,1.0462540447016007,-1.3336142250600425,-1.188045595897955,0
-0.16071124672964943,-0.5855553446910362,0.20940173400546205,0.14994433786247055,1
-1.5274688054520924,0.7632168544495098,-1.358019971265009,-1.1852253208174874,0
2.2820928396041125,-0.5886224459957611,1.6978012028230933,1.0324326756496336,2
-1.0218490407414607,0.7888075857129598,-1.2265516727955572,-1.052179926427139,0
1.2965532839538918,0.07889656157268524,0.9113411103513005,1.2178404065859567,2
-0.9477543263756377,0.74764874244487,-1.294263210116342,-1.31515381907925,0
-0.41705618349249596,-1.041525141166796,0.37600313388904283,0.014406033396613607,1
0.55213509833268,-1.6942054299321816,0.3551788003907151,0.1171848063706375,1
-0.1597923842011504,-0.14460722919541508,0.21901361906387287,0.014244894554231294,1
-0.6556596478350039,1.4807944188890985,-1.2724157407275123,-1.2975372273614787,0
-0.9004950124488061,-1.285354163107204,-0.39394841511849976,-0.0922755397427911,1
-1.008479697779248,-2.4341568100239055,-0.11480487756893834,-0.2592017609592647,1
0.5527862451812611,-0.5879447835751613,0.7727843917117609,0.3832312105361647,2
-1.3686267088378459,0.3319038185994859,-1.235341394960687,-1.3233335328193194,0
-0.8777896535797844,0.5117108014187075,-1.1996764850582091,-0.9390002803150187,0
-0.929950552240268,1.7083935094607408,-1.2817078262498112,-1.1976783334699308,0
0.5533332750260058,-0.36217624558027245,1.0469454037485681,0.7906706536370729,2
-0.8809173927931827,1.723959639807324,-1.2813485752750975,-1.1990542922847516,0
0.20222588076627962,-0.371104938631178,0.4375571382703711,0.4153602980336754,1
-1.0218490407414607,0.3284140531956675,-1.4539013804499696,-1.3154442950077407,0
-1.142314513090087,-0.13779475781245595,-1.3423522557135408,-1.3109831095615905,0
0.310997534138703,-0.5923730118389191,0.5354085615261401,0.0008775478952676988,1
-0.4218961552876118,-1.282878323963961,0.14268146243771035,0.1412123632973763,1
0.06866179325140129,-0.1319794793216258,0.7627582691805523,0.7906706536370729,2
-0.2915071671587371,-0.8357405140427769,0.24579822114340175,0.12778845843426892,1
-1.0084011900776941,0.3363317918595422,-1.4427597547297533,-1.3095176021576551,0
-0.8974343711215386,1.7071550281291203,-1.2776669496569322,-1.1576994213272644,0
0.6835306032636767,0.3377765956801758,0.8820557393593038,1.4497553807403118,2
1.0270040084082857,-0.151467254439562,0.8801308564581098,1.43451845246389,2
1.6406050000065024,1.2432601938710257,1.2963219957835774,1.6909769845341411,2
-1.0218490407414607,1.2492011182302531,-1.3402265266227635,-1.3154442950077407,0
0.671699679065889,0.3218610099663274,0.8730380567916599,1.4211845887210404,2
-0.2960800772647223,-0.1293850776896778,0.1875852134894711,0.11471893017437386,1
0.22488512782114972,0.7793002499305832,0.42122042171777213,0.5193528916367788,1
-0.4108011695461961,-1.088022424195153,0.3506058373746218,0.016310692431945904,1
1.0739549841323388,0.5766173870746266,1.0596856118807048,1.1553004879387059,2
2.146879607728269,-0.10807513801561332,1.6294265024263295,1.1663526846735952,2
0.5615981086955433,-1.7353975498594347,0.341800069248097,0.135677802024259,1
-0.17240157594868719,-0.3599649633874534,0.2555276244627425,0.14795618328339818,1
-0.4066297523186534,0.9805255046240714,-1.3597809375532255,-1.303394635625155,0
1.647313056860423,0.31241308127719375,1.3113397882189137,0.7836390440216849,2
-0.17121481582780115,3.0934642214244636,-1.266897819264541,-1.0533652459198066,0
0.5379586371419509,-1.318094040766123,0.718569375034529,0.9782810358161683,2
-1.1403579047320596,-0.15259120848974217,-1.3424232359381412,-1.3161563094433968,0
0.18027501682017308,-0.8073666261839386,0.7395007301404027,0.5093040729165903,1
1.0360993575225517,0.5808014122116772,1.1039427741314722,1.2014196896085652,2
-0.4319599508288513,-1.288924176139776,0.1415181020128397,0.11716970593169941,1
-0.0792311732693638,-0.7977236308642134,0.23910984582176859,-0.24235577598459657,1
-0.7421476712521178,-0.8485709280606409,0.05729391923325603,0.2381105476412609,1
1.1602208243351901,0.3578102749165386,1.2225966281953264,1.4658914294452292,2
-0.4160096885232043,1.0190043519716065,-1.3970639535363667,-1.3154442950077407,0
1.0239115857582597,0.06496689597934746,0.524727667238458,0.41355164633097147,1
-0.9006811702978099,1.7095946507475455,-1.056039392054748,-1.052179926427139,0
2.2451616063689537,1.7329950573821356,1.6725253462494845,1.3072234460110788,2
-0.39953668237181056,-1.7632993613457768,0.13401578188065966,0.11867822809819047,1
-0.7670510422528684,1.031308478619177,-1.2729856573191447,-1.3373848766597498,0
-0.2855088051017849,-0.5938364562534196,0.6113310568272003,1.0614350757436608,2
-1.5015667758079907,0.1038353256893331,-1.3062001124708793,-1.32506641080435,0
-0.8970839063704098,1.0249930975568975,-1.3107252867541126,-1.1592983281940878,0
-1.1105153286687022,-1.2675499066300164,0.4015529041342516,0.6407019763190368,2
-0.9938092768074113,1.2458094155597632,-1.314432275128545,-1.3142105493767542,0
-1.746944953997472,-0.33649737934538304,-1.361979275840003,-1.3087181682790796,0
-0.0431666032907852,-0.8021224237541554,0.19603999261318478,-0.23419151205961558,1
1.2419213178974244,0.10268518975200386,0.6806160816686033,0.4055447228003289,1
-1.2366236716627435,0.7992554849512279,-1.2226425678853698,-1.3197967645360171,0
0.6892653930724837,-0.5888638057448784,1.0191077790799934,1.1817933838160442,2
-0.9079466029162383,1.0355288955435369,-1.3057772519938886,-1.211447967117381,0
2.2344221223326333,-0.13536926148569492,1.313778424786215,1.4735445930244857,2
-0.5556739934906657,0.8057607152334602,-1.2649479494388507,-1.0390904179090765,0
-0.779513299854158,1.0190043519716065,-1.2833890997091604,-1.3154442950077407,0
-1.018832868082015,0.7963381472703658,-1.2181940145567367,-1.07858227918463,0
-0.5595763854324113,0.800883706416843,-1.2769948061757692,-1.0695559835365438,0
0.1941088568419487,-0.365799807867449,0.4297477870477537,0.33855982761744874,1
-0.27205023144855445,-0.8234950383392251,0.2119659104427482,0.1466251564807266,1
-0.28485136187712473,-0.14473953175768542,0.16270951048750004,0.11762145309802433,1
-0.4104532341591244,-1.2831096582692196,0.1409534623878903,0.12326978985823499,1
0.18040573302030674,-0.3521988578444024,0.4169366470788248,0.40308179202893807,1
-0.9977458720296235,0.998016741264895,-1.4342972775545952,-1.1818319713062988,0
-1.2625897341848975,0.08427374363137195,-1.2158986089127999,-1.2571757928451026,0
0.3244308062965044,-0.5920413341457185,0.1283169709707637,0.12384751571616896,1
-1.0933965194437067,1.2208786482823344,-1.3107572547072035,-1.4440804737882706,0
-0.7804378363665122,-0.8325865517631477,0.07446517954864887,0.30454334561533825,1
0.31029791644689736,-0.591267669469637,0.09438396616420622,0.11421238600052602,1
-1.0093222008508824,1.0304245179438438,-1.39087003092385,-1.1641880359417545,0
-0.40803782129919125,2.608984460673503,-1.3307232391581552,-1.3180652907409727,0
-0.9268075558191045,1.6870408690776812,-1.1897772376209481,-1.2573592908110156,0
0.7836364400529334,0.3511811548864413,0.7686255722520284,1.0592398835730232,2
0.44221625510763496,-0.3591815724383685,0.3159311912025269,0.11527493319158467,1
-0.17733301875962065,-0.5920836401595281,0.41742648859061127,0.11624649875159399,1
-1.1430169111851116,0.09821728693702086,-1.2833890997091604,-1.3154442950077407,0
-0.055186880887934504,-1.048095275642444,0.16957902001314545,0.009324520264658827,1
1.0698292461399423,0.5665220883576548,1.077285006220627,1.1547687825221395,2
-0.14169291700288145,-1.015115663375171,-0.1670558418804992,-0.2441489030532203,1
-1.0218490407414607,1.0190043519716065,-1.3970639535363667,-1.18381211071744,0
-0.42539659003134417,-1.0322738594335281,0.3450027596144165,0.006767747845722827,1
-0.41052346217042407,2.612628290692354,-1.3431800047284272,-1.318493887812821,0
-1.272804952140809,0.7952661217055804,-1.060959460534454,-1.2964085766520108,0
-0.983653014623879,0.3249240152988232,-1.4456173874858758,-1.3200883752363393,0
-1.159444269186458,0.11627326968430474,-1.3108761913226357,-1.4405109667061322,0
-0.5402469119404327,1.9486870854098315,-1.1684746972150066,-1.049972632821889,0
-1.254339136189046,0.08736143747494159,-1.2265795532425323,-1.2957271150692864,0
-0.508208802794652,1.977574570556088,-1.1764396442544822,-1.0140894369194964,0
0.6271323870163207,0.3264813810555408,0.9312771402139638,1.4661540270194096,2
0.5533332750260058,-1.7433568431321513,0.3648962807853308,0.13250973218556866,1
-1.3982352701786607,0.30448892637544156,-1.3938195717746245,-1.300854085726891,0
1.0176438766031644,0.5848813481585355,1.086903578156484,1.7177600863209166,2
0.0653001556256081,-0.15381889799730808,0.7381987422308902,0.7896614560665736,2
1.0360968543614841,0.08458009451321008,0.3516383463194505,0.23994074965694265,1
0.6693095837185244,0.11578347278739573,0.9947327244359229,0.7953751244628375,2
0.7473015777416553,-0.5817477786220302,0.43413795308981346,0.4251645779063147,1
-0.41619098849427594,-1.7788362149372765,0.11234566092938117,0.15346442922622516,1
-0.18504744836722178,-1.0816891603016696,-0.12619601013147635,-0.2731257396416049,1
0.2997949879839104,-0.5955630964271386,0.5624966719878608,0.030193357812831906,1
-0.4160096885232043,-1.0527665443562113,0.3648962807853308,0.0008775478952676988,1
0.3150735014046373,-0.6000537776226237,0.14726219329913573,0.1429636667310063,1
-0.18716077617557156,-0.15347377047789043,0.23985580694806555,-0.011535388085865758,1
1.036077572710646,0.0913867298557139,0.41902921818692224,0.2720244521242051,1
2.256026008278221,-0.5826091127783292,1.658303176628691,1.0683764428203486,2
0.5095347091469178,0.5578466625885194,1.253869758919824,1.7141215149833438,2
-0.8588703887604365,1.014368685905888,-1.3657919970428023,-1.3140462966418098,0
-1.8702693744152505,-0.13631200946909774,-1.5350805639451823,-1.4783372446686356,0
1.914725084584306,-0.5857162090538324,1.3558725259031712,0.9071941536396105,2
0.6234281678965105,-0.586509859557534,0.7551382786102401,0.42416667235194117,2
-0.9078995548881186,0.5655169007644563,-1.2283838300710148,-0.9128921809022225,0
0.6581388181402946,-0.3901476504856372,0.3158810468718163,0.1434131303222151,1
-1.0453154496798855,0.7827664544704654,-1.2480154410607138,-1.0378960148084697,0
-0.9323266052727973,0.5785019050075744,-1.1393485305756572,-0.9364814797962734,0
-1.2867793870373956,0.8007254078730295,-1.045538918203543,-1.3453240023060442,0
0.16357984710779053,-0.8392873927482243,0.7674652970152215,0.5517090970571227,1
0.1890238819297611,0.7979060136603561,0.4156391789780748,0.5192156105084328,1
-0.1701083601428753,-0.5658475055197159,0.3870073272440284,0.13610165540081245,1
-1.253441099658372,-0.10394257393294255,-1.3778795237833028,-1.4534328222448654,0
2.243184636985717,1.7457771514409628,1.654069661557769,1.3024982609596114,2
0.5791069656564236,-0.373141792118685,1.051845748507345,0.7895614453298827,2
-0.04172566750397101,-0.8202296574748749,0.19807496394502835,-0.22337892386997038,1
2.1301514094069627,-0.14805584511217731,1.598089067149084,1.200945830573086,2
0.5542290103094655,-1.2840752870467844,0.717079747268754,0.9199900316652648,2
-1.0675456150120395,1.2322011453095574,-1.3558902572824831,-1.3618383647023793,0
0.7713346623152427,-0.5811889814805976,0.46886179179359994,0.4335219618037725,1
-0.1747840953276058,-0.3382059141587591,0.23046937954256175,0.13081980992687461,1
-0.9006811702978099,0.5586108194543131,-1.169714245881954,-0.9205477421368382,0
1.0380047568006114,0.5586108194543131,1.1037828306621715,1.1855672065079756,2
-0.2713226068824359,-0.30341722868894777,-0.0824668970106857,0.14416861527971778,1
-0.1736739476359015,3.0907752482994253,-1.2833890997091604,-1.052179926427139,0
1.285240421223883,0.12784547808114965,0.9324337824724387,1.2056310883982466,2
-0.4513306878234543,-1.5128036157302451,-0.035404210156046216,-0.2717527000413897,1
-0.8970538800955169,1.6969214901692347,-1.2270058249230358,-1.327891596661583,0
-0.9302516838373169,1.4713641744133688,-1.2492384617771466,-1.0431828904472846,0
-1.267993293869793,-0.1262598628327411,-1.3370610319230618,-1.431525505972049,0
-1.02359632935969,1.265462882573399,-1.3333268368251503,-1.3020815335619411,0
1.3909244931117106,0.3090030378419866,0.561457345318447,0.2768067846959353,1
1.024918246416496,0.10521794375195102,0.3473578439044839,0.2517525419202885,1
-0.1474610327272312,-1.0161979914348414,-0.1639859419539933,-0.2621089346674293,1
-0.8707897007510275,1.6591960715049807,-1.3117706940573963,-1.2075468427153209,0
-0.30837256549111164,-0.13513044856357806,0.40523486803117936,0.3708062719491339,1
1.0380047568006114,-0.1319794793216258,0.8195956960941558,1.448831575088577,2
1.2803404976879142,0.3284140531956675,1.1037828306621715,1.448831575088577,2
-0.8065742390055582,-0.8528354335573551,0.09202334036544342,0.2121187841712541,1
0.4321654045823549,-1.973553609390797,0.42173370769893376,0.3957741007661703,1
-0.5152832640286379,1.9644372140068105,-1.4004750765601812,-1.0948617934583018,0
1.1658757380207667,0.35268985938312386,1.2553040831502664,1.4636794975842793,2
-0.4125704605968154,-1.492603251521191,0.005811736043830701,-0.16179605397632071,1
-0.040750631352906054,-0.6278581530121498,0.700487269512615,1.5951207082704306,2
2.260217908315455,-0.13608461406863792,1.3081518812417787,1.4506097856995017,2
-0.2033524121905254,-0.3461393744567635,0.266293692624808,0.14936847605724424,1
-1.2568670933084996,0.06961988724900126,-1.1977492383419743,-1.318324038143218,0
-0.18644558677178807,-1.0431465188454327,-0.1427346408251412,-0.24980228056764675,1
1.1788318199407988,0.33763288267586256,1.2138708372582279,1.4460878128663266,2
1.185175450872189,-0.13044180467558233,0.9991386033815595,1.1803402526955,2
-1.2541484671916652,-0.11195752180673116,-1.3153628753467965,-1.1612164804920515,0
-1.1139318886921479,-0.13009750151534033,-1.3285995505491421,-1.3165796395255975,0
-1.150433589788566,1.2209074797255943,-1.3528063199689722,-1.4616445910244025,0
-0.4383256695407246,-1.5083420758263053,0.026893121138054164,-0.11917225506783581,1
0.5533332750260058,-1.282963310614858,0.7059208422669494,0.9223028379273737,2
-1.0236323725581467,1.0383400213258103,-1.209215251093759,-0.7846845533631945,0
-0.2946189361059727,-0.10245037519026295,0.43284944058625896,0.3615542635389576,1
-1.255987117060715,-0.1203516177893299,-1.3034658587589891,-1.45113417674989,0
0.5149814394543453,-0.8496244633154959,0.610098974073585,0.7689267277619242,2
1.0490143257139044,-0.0647156399294292,0.7957225803283687,1.435048547180652,2
0.7908087363313153,0.3206351742890078,0.7435702172083318,1.082096077457686,2
-0.6583454294105071,1.4793978844888998,-1.2833890997091604,-1.3154442950077407,0
1.279770592159253,0.0846391865809522,0.660731879438191,0.4053034795186842,1
0.33540461336457755,-0.6011455156320011,0.5587303855102782,0.019427177914838594,1
-0.1736739476359015,-1.282963310614858,0.7059208422669494,1.0539350222176747,2
-1.1138393006846719,0.07432083157866368,-1.325763860752947,-1.3526707263566657,0
0.18609335712880504,-1.9996949779170503,0.6842453898107417,0.4036638698183352,2
-0.9086050733147488,1.51739568709043,-1.2868759834463324,-1.0188315550306613,0
-1.716160983525933,-0.3873125747821206,-1.3352409012273854,-1.2790285616597812,0
-1.044423828070877,1.273695220477126,-1.3349663691910838,-1.3058441274466155,0
0.6809617870715176,-0.8254051224407569,0.8779331397211609,0.9430820649677041,2
-1.1458780573356044,-0.10048070021313325,-1.3200564756300939,-1.3205759338166583,0
1.2803404976879142,0.09821728693702086,0.6490834153533465,0.3957741007661703,1
-0.30430706874914043,-0.15478038106842304,0.42632743253563316,0.3853287903811348,1
-1.2837404348128216,0.7699887467018636,-1.0600654444338566,-1.2931912369124259,0
1.889254668442435,-0.5867083229098863,1.3575767440539477,0.9299418405814319,2
2.249683461237124,1.7095946507475455,1.672157099798203,1.3171993907982766,2
-1.2859334152449025,0.781536018841305,-1.0781408997626702,-1.3089901612599655,0
2.256826853789792,-1.0559340128752923,1.793930822052788,1.4435051319018612,2
-0.8945531093565433,0.7738909763647681,-1.2959711677326717,-1.2999587569793294,0
0.5229607080242287,-1.2551492069943309,0.7544174927236933,0.9127905313327254,2
-1.0560913299586383,1.2300715936777555,-1.309869299872536,-1.3206608240692328,0
0.4082638589814245,0.7952488340191145,0.909258899937826,1.3859759302072383,2
-1.8275463002316126,-0.09962575070163862,-1.5030142798800703,-1.4623333317718006,0
0.3258083573941797,-0.5551753458201327,0.1660812134533961,0.09999718812250064,1
0.5428491201746579,-1.2673727790094362,0.7137146146179965,0.9266155990345702,2
-0.4118411779691861,-1.062597619013332,0.39108696929371883,-0.008989040837394185,1
-1.0272438558279129,-0.134396561047533,-1.209944960630453,-1.3552942927092662,0
0.555380926236484,0.7759917945411459,1.0345052800473231,1.5674849478581763,2
0.09840525368030091,-0.137484558584607,0.7540811963031263,0.8003156652624751,2
-0.2729073994089685,-0.13803230716862297,0.1852518954544533,0.14126038411648692,1
2.4788198565912314,1.700287208212621,1.4967289814346292,1.0796047039274175,2
0.5533332750260058,-0.5923730118389191,0.7627582691805523,0.3957741007661703,2
0.20210713218187465,0.8144546535092394,0.4780420672670577,0.49323137630737934,1
2.2688490199532794,1.7124036757084813,1.6967491714285154,1.3173592264278304,2
-1.2696671905613701,-0.09555445293021289,-1.342197384844587,-1.451953029738326,0
-1.9036119080864338,-0.15346926558840354,-1.5311798126111238,-1.4460333063672166,0
-0.26872720928831995,-0.17125094355631748,0.39611858142760875,0.37513926039962553,1
0.06141080209354681,-0.15998805061009144,0.22275239470234418,0.37934201714817556,1
-1.1657362780097111,-0.12277084912613666,-1.3390598927163282,-1.304472604943527,0
0.06787217018259843,-0.11871368608383664,0.7474332923154889,0.7790851109139544,2
0.56203850930331,-1.2900134064588458,0.6586866699700478,0.40218128871475484,1
2.2668553319457123,-1.0619679757021008,1.7773018535745821,1.4493366896229012,2
1.2482370516647256,0.32861048190782155,1.0817498563980397,1.4141536146760727,2
-0.2927172848292618,-0.09709167045233169,0.39490019500342566,0.41116690866316996,1
-0.41108557279822816,-1.5017140741195412,0.023017217047035857,-0.12249913074675715,1
0.32236860711991405,-0.137275023874424,0.4900496722060823,0.251274313606163,1
0.4170224576673597,-0.6143946385337548,0.5820183886767198,0.7988670597050982,2
2.240914375929712,-0.1299726175056606,1.370991473872942,1.4403802927192777,2
-0.5353360694371051,1.9765038629623752,-1.3899105302834447,-1.03292613101383,0
0.4383313471667618,-0.364058631392568,0.29743196664657834,0.17678033127608503,1
2.1296549389554573,-0.15215409320963763,1.6070394250924873,1.1803265962256042,2
-1.253266148224502,-0.15324850257931238,-1.3355163723447647,-1.2122787918086038,0
-0.05947763941348592,-0.591670197402288,0.7687764837309089,1.5915381705761498,2
-0.6615758569168488,1.483580264402778,-1.303579676306191,-1.3013112777774334,0
0.18982966369505214,0.7888075857129598,0.42173370769893376,0.5274062850564712,1
-0.4181098337496044,1.0138228079346854,-1.3940096996888736,-1.2860227317710107,0
1.2795470414412795,0.09636261266016002,0.6310155169443277,0.3896763516757522,1
-0.03511022869959615,-0.8454373319866146,0.09743313274959967,0.02459372662703214,1
-0.2504828637710613,-0.35647419435975936,-0.0800919490363982,0.11096456621756354,1
-0.9065132013693864,1.6795011192092788,-1.067865161998333,-1.0458696014363245,0
-0.198230225979902,-0.5444389192121151,0.21078908453740217,0.12582919673836845,1
-0.4009512815407817,0.9803862761707453,-1.4185804334869128,-1.297918352936322,0
1.0560326922370125,-1.2667165694144478,1.132157024965325,0.7619942760919045,2
-0.7907675474337644,-0.8005399765141075,0.09277975553596153,0.26154212656127046,1
2.2151012157227576,-0.11292005118464984,1.3260731165432635,1.4446018328444592,2
-0.2053563105331826,-0.12081639866751216,0.2717318507680436,-0.014781644441552111,1
0.21051916818682187,-1.9496980068975227,0.15848821251803136,-0.27178148297121507,1
-0.9089677032422467,0.7600575176622287,-1.314291994194301,-1.302383071436514,0
-1.284504547936947,-0.09735900606028344,-1.3508565104216574,-1.4261848998058095,0
-1.748856263403368,-0.36217624558027245,-1.3402265266227635,-1.3154442950077407,0
-0.899925685019999,1.7077686824506346,-1.2264756730236532,-1.281078062094935,0
0.8119277761137407,0.3314724293028637,0.7885449496481723,1.0480323484848224,2
-1.5016784633972078,0.13066176862853407,-1.3047619935592243,-1.3165426833574936,0
-0.9025021269300243,-1.251187884986338,-0.4347439939756375,-0.12557034189534605,1
-0.9007201014607005,-1.2767229603043686,-0.4205873514368298,-0.12792229917764486,1
-0.9167970215897164,1.0280448319167916,-1.3297324497118854,-1.178288181000544,0
-0.4393490158270163,1.0336451118848844,-1.4207167955040623,-1.3267670082642151,0
-0.7875212420158567,1.0188990283185464,-1.286661175494912,-1.3086947026777223,0
2.5072479664569634,1.7005577301984418,1.474740382540785,1.0623399004601621,2
-0.04780486240528605,-1.032919233272974,0.13930565578448437,0.00871556182594245,1
0.4321654045823549,-0.36217624558027245,0.3080588538717274,0.13250973218556866,1
1.5075956810808027,-0.13446825061746756,1.224684813844557,1.199887093148588,2
-1.281178571506919,0.0859943182626246,-1.2561915514101591,-1.333201976884288,0
0.5363098994593531,0.5445198093539285,1.2630900867672161,1.7193178698377949,2
0.5503027316501216,0.5552123268171656,1.2629601789394338,1.7085566675384947,2
-1.2691579343000268,0.7676104182392105,-1.0571796041831167,-1.2944667235251341,0
0.6745011454696578,0.3284140531956675,0.8764331230077588,1.448831575088577,2
-1.5015993996861723,0.1018482582531197,-1.305098210264249,-1.3136350083236776,0
-1.4028521520647939,0.33826142405374066,-1.4278070282000437,-1.3076526526737495,0
1.594361565967339,-0.14179076866170487,1.1758541493629926,0.5203463443744063,2
-0.9154809974349778,1.7010716219819118,-1.0433487042607585,-1.052120077438533,0
0.5515424608144234,-0.8017993043247008,0.6429912207952806,0.7863947444213584,2
0.30347312565065293,-0.5875288640539926,0.5528644152414679,-0.010355423164387373,1
-0.1687084806568704,-0.589380713969817,0.190881194591477,0.15341665351727068,1
0.4462980800580669,-0.5731438760370051,0.6104884885299869,0.7886556621309762,2
1.0319301254458313,0.1120383289142812,0.3744081963126198,0.2503071342471794,1
-1.2553061011985822,-0.15751435472100017,-1.3443119159532448,-1.4448841409066857,0
0.4456104173826334,-0.6236771641404452,0.5876202458073749,0.7583152097642182,2
-1.3688384909907836,0.3503855986532498,-1.2218895275594928,-1.3107575955123623,0
-0.29484181807955345,-0.5923730118389191,0.6490834153533465,1.0539350222176747,2
-0.053181745937776116,-1.076660015815896,0.12398775547767422,-0.0151503203148791,1
-0.920205422689965,1.7167447634727644,-1.2347012519580232,-1.3211299723995906,0
0.6734179799395811,-0.8002310839783452,0.8640813860233688,0.942020772272214,2
-1.8529406090378104,-0.12058488876898436,-1.4641399192134703,-1.4511785591690234,0
-0.10403564171609547,-0.5759662113121056,0.7534742403519479,1.5722592526601276,2
-1.2928548287995827,-0.17948335753456343,-1.3391383848177039,-1.1932449779447276,0
-1.0295540274296135,-2.4710202269622004,-0.16169858711830887,-0.2805637653215532,1
-1.149432209780966,-1.3056165426731985,0.43506347837941794,0.659288674153123,2
-0.2630665794993156,-0.8121099430095731,0.21571822172300126,0.141587091372684,1
-0.16921778806124863,-0.3674961518025502,0.2808161095892445,0.11450095434220203,1
0.18982966369505214,-1.973553609390797,0.7059208422669494,0.3957741007661703,2
-0.315839989078584,-0.6245283068505136,0.6534757882830481,1.0586256143819486,2
-0.17179315187227773,-0.3779763492018618,0.25294298958719524,0.1166333273504887,1
-1.54582585867964,0.32202940705454924,-1.3459566206920364,-1.3192417036252222,0
-1.2228859024226602,0.7870166222309237,-1.232699382925481,-1.330510608492964,0
-0.3105646989284752,-0.5629445631405843,0.6547251344900576,1.0654948687947208,2
-1.2595532166501613,0.14998543644359255,-1.188977829810435,-1.3325043630580762,0
0.1738585928708326,-2.0262114059961998,0.696989546911365,0.40693533264634285,2
-0.1789424401793249,-0.5724304094736451,0.43923647379669256,0.11287705789605436,1
1.0461906961927536,-1.2774617382749907,1.1545168981679321,0.7801365529374409,2
-1.1647259943689958,-0.14543385222963423,-1.3316602936289055,-1.3192281174452687,0
1.401508368131565,0.3284140531956675,0.5354085615261401,0.2641419164758693,1
-0.29484181807955345,-0.1319794793216258,0.194384000044521,0.13250973218556866,1
0.7966129336560325,0.32972966069661935,0.7552820576193123,1.0760489274532432,2
-0.0671069180654087,-1.0670430571246448,0.11867441563800699,0.019603667394835073,1
-0.16702280546101883,-0.580360434360249,0.40356348867292496,0.13323914211639185,1
2.1297537993337485,-0.11369000022311575,1.6133334849288903,1.1935470259077237,2
0.5645298049530866,0.5673800831167377,1.2630660867713295,1.7342781876349935,2
-0.2929676259976524,-0.40167705526437486,-0.08025304025300778,0.13249847341017904,1
-1.0540569130205164,0.7893243206860893,-1.2309547187315242,-1.0453516734894246,0
-0.4160096885232043,-1.5131600768735047,-0.03296570760989124,-0.262386820685334,1
0.19421722595104687,-1.957002424811625,0.1400238095758123,-0.2741138349195828,1
-0.04622698961495605,-0.8097343469252509,0.1777023431872619,-0.2192257815796964,1
-0.4098083790095754,-1.7249771870091835,0.15260906049272543,0.15531957161350168,1
0.5606757471985772,-0.8504662580043858,0.6182033552183064,0.7729278442115607,2
-0.9080530215152289,1.704359008353015,-1.086215580790051,-1.0718775461748347,0
1.1716650433210296,-0.6222468332791014,0.5832595986648149,0.29433083805887256,1
0.21250922108547188,-1.9424793093083388,0.6985244617834713,0.40160871485017,2
-1.3738626876480486,0.3171133121241691,-1.4195414269133415,-1.3391202016635433,0
-1.3047204888964905,-0.16657404813534654,-1.3360165606485352,-1.1981056212213002,0
-1.4649439797771506,0.1349266485252762,-1.2606457598488525,-1.3338561237556745,0
0.31097481099478813,-0.6383332283427027,0.14470090826950496,0.1713907508829476,1
0.05234272892968453,-0.15243552485901682,0.7418493772526396,0.7783130416713192,2
-1.5523923817231573,0.09429457874487797,-1.2866482847801246,-1.2735361086868686,0
-0.8678041786373056,1.026483269307597,-1.3445914016775953,-1.2915786369294475,0
-0.889431841897251,-1.278219874115166,-0.4068773531211026,-0.12924706960744117,1
-0.4120164012860427,1.0358773127872891,-1.4049465288401588,-1.305023881133348,0
0.6745011454696578,0.09821728693702086,0.9901079768349651,0.7906706536370729,2
1.1573882672137588,-0.12589199465932321,1.0271536728826025,1.1872867041170614,2
1.2656044437420997,0.10581974533246086,0.6624649286680074,0.382384238744421,1
-0.7658122121743056,-0.8715370372790358,0.10140522245124561,0.2404995555775533,1
-0.4160096885232043,-1.7433568431321513,0.13754657313091806,0.13250973218556866,1
-1.1379681313491727,1.250110280734261,-1.3442888012289638,-1.468718935268995,0
2.2330615215930227,-0.5719132138988827,1.6585929603334462,1.040169851978688,2
-1.5021121285470442,0.32425850858860583,-1.351795786191945,-1.3103880210274543,0
0.5460669092793814,-0.6151128852937239,0.7640702109831488,0.3980760805743048,2
-1.8774025326337307,-0.15561116864711771,-1.5489389823331472,-1.4494134256481763,0
0.5624276738730964,-0.8303138944754096,0.6989872689888519,0.7821219687373543,2
1.1749154019674837,-0.18171472342685296,1.0156625252703513,1.2149342205225144,2
2.2716284039236614,-0.11690829319998507,1.3364483389481239,1.4506212516516444,2
-0.20653067640106781,-0.5900313360211982,0.4433351437050852,0.10856470209089912,1
0.2096496795565846,-0.8217613627378968,0.7783097167172034,0.49219040311627515,1
-0.20303881971782844,-0.32675844756051453,0.2566840493548844,0.1401013482923915,1
-0.018482002502946758,-0.807818562534614,0.738927964287992,0.9321122166191386,2
-0.32482164947624775,-0.5631091539545449,0.6412146182920845,1.081275361993041,2
-0.4718103997989341,2.6255672685875777,-1.3439979180188193,-1.3239311618657905,0
-0.4039643515742974,2.6619871530467067,-1.311211096327888,-1.3229410799750643,0
0.09856258787609341,0.33217542548991086,0.5907801804594419,0.7982939370252967,1
-0.07933997357665618,-0.7961910304439287,0.7469475990948226,0.9083217288203345,2
-0.12402945295392209,-1.315759573806025,0.6849434083224181,1.0331288578506082,2
-0.9194838242301193,1.7401298207674345,-1.247738128935445,-1.3418876792058676,0
-0.3691347255207557,2.6371027708508343,-1.3548866512679854,-1.2971308404979336,0
-0.052506077192250644,-0.8225697780975647,0.08070914621731488,0.0008775478952676988,1
1.0075868376956119,0.5584519398514074,1.111116782374335,1.167281249372929,2
0.4540685600413879,0.784048222856806,0.9451760622330893,1.4439623839471867,2
-0.3073465615216704,-0.8471301468838105,0.22991101501220748,0.09595210953819927,1
1.0330226579465316,-0.10835728309496344,0.8049411258811849,1.4475757938742813,2
-0.35984856623719363,-1.7261960531263187,0.15855720746515015,0.14938372339881323,1
-1.2641847816287635,0.7888075857129598,-1.2265516727955572,-1.3154442950077407,0
-1.2565351696725013,-0.15515432750577157,-1.313627747591789,-1.422170786013129,0
-0.441946649533663,-1.4743733720646413,0.01293020336933706,-0.17042634129144196,1
0.2095348376184304,-2.0060509622363827,0.14648859717579923,-0.23956362543952736,1
-1.2641847816287635,0.09821728693702086,-1.2265516727955572,-1.3154442950077407,0
1.8737288880612673,-0.5742581169614268,1.3307525125991797,0.9214569813515766,2
0.31688034201471,-0.5891397497575664,0.13336181264537275,0.14607639494020452,1
-0.04097031939883639,-0.8378418760069442,0.7390412525877634,0.9429732122230478,2
0.4475433916421318,-0.5970495824959776,0.5823017150153934,0.7866951398810557,2
-0.05557382157548393,-0.823214541383364,0.7338609150898235,0.9030556426207388,2
0.18982966369505214,-0.36217624558027245,0.42173370769893376,0.3957741007661703,1
-1.3082342925194743,-0.1733965357432674,-1.3242940852832012,-1.1826030818523396,0
0.42410491860152905,-1.9803898009715069,0.40536644388531373,0.40420406603307524,1
-0.8980049813510875,-1.2661266346610125,-0.4289339830362541,-0.11506527545624634,1
-0.5371775589668552,1.939791417006192,-1.3970639535363667,-1.052179926427139,0
-1.2341207767450708,0.7735167878629832,-1.2430128613555855,-1.3113993090170688,0
-0.639750209538415,1.4437569894316593,-1.2661321278998452,-1.3230358900110715,0
-0.28508003471082305,-0.812129089533842,0.263293435846561,0.1250436536410987,1
-0.9368769871747127,1.4811174289103115,-1.2945238890283004,-1.0777695472740467,0
0.16921107277593206,-1.9842926753290995,0.15318557689903578,-0.24133985280030348,1
-0.5437523629750879,1.9355950276860823,-1.4069067454054558,-1.0637896886806328,0
-0.17480399551176493,-1.0526570875627914,-0.12381392375265934,-0.23824511113063715,1
-0.17159879612704387,-0.1550714387781702,0.26657387068030086,-0.023609659458420234,1
0.5594358431847952,-1.305718551433898,0.7197455841198965,0.9434535836301917,2
-0.33156538597675544,-0.8129180667243848,0.2967260134659516,0.14530485626040868,1
-0.06908171739242536,-1.053639133225672,0.1393514846651259,-0.018841707330529346,1
0.5436410249264862,0.5421736411659662,1.2811548013232057,1.7352488118679321,2
0.5243236688401829,0.595315651325092,1.2621061063641563,1.7154591137588142,2
1.0448360496976568,0.5154294248002281,1.0880538219207492,1.2096505829375555,2
-0.044706573489270075,-0.8143541393286415,0.7553991227469465,0.9077554564384036,2
-1.1133643923130834,0.10402827245753392,-1.2680276481859152,-1.4698732849876344,0
-0.18499311309875213,3.1073428440834174,-1.2698277358582817,-1.0712703926622256,0
-1.3853526520724144,0.3284140531956675,-1.2265516727955572,-1.3154442950077407,0
-0.03791312036435813,-0.8097527143968998,0.7697238087548948,0.9176471332448823,2
-1.2375026511169605,-0.13423600130990315,-1.3331651791123864,-1.1684799661813883,0
1.1492242753438968,-0.6106749790293523,0.5369380875911256,0.25545037191439723,1
0.5760435342959542,-0.3717750784239905,1.0643179986659053,0.7772514525271773,2
0.28604645379264304,-0.5850291860712428,0.5572617246879067,0.010611180788032588,1
-0.4966453048945157,1.91559606650847,-1.1864800016945223,-1.0474722833109318,0
-1.0066403600240246,1.0131461303094758,-1.222591977124309,-0.7671373340803257,0
-0.5371775589668552,1.939791417006192,-1.169714245881954,-1.052179926427139,0
-0.15524612116121267,-0.6171046975451829,0.18865103943575406,0.12079199556043627,1
2.492019202124427,1.7095946507475455,1.5016448190573937,1.0539350222176747,2
-1.142953827639939,0.08279847887004334,-1.2881103298911243,-1.3191267740645223,0
-0.06986775334852541,-1.0505312445220794,0.17210320420602787,-0.03742298153668172,1
2.265214984798839,-0.621608742877923,1.658229821083905,1.0338629057411015,2
0.4124843449405244,-0.5857214289951232,0.5647579430346308,0.7811027751657723,2
1.032154418979316,0.10654515245659855,0.5801402763831401,0.3903676827381486,1
0.5529323177407636,-1.2997898300068809,0.6715620797228345,0.9134790301678068,2
-0.892337028908753,1.712028301455647,-1.2176483807820913,-1.3185171327122733,0
-1.147266561475838,0.10624797404470745,-1.255337788069099,-1.3118190304297241,0
0.5318962462283316,0.5715143081787452,1.2422936699981963,1.684741181580481,2
-1.0068437263894723,1.0157214194273687,-1.2396228501080628,-0.7779500839944029,0
-0.648907296952317,1.447299072669372,-1.2893414205772054,-1.3134553050460698,0
1.0407824035468507,0.5686434225377499,1.1143271609789442,1.196907430667444,2
0.4635077804816182,-0.6062116706452806,0.5827550454168063,0.7589297258179016,2
-1.87002413384702,-0.1319794793216258,-1.5107388073635728,-1.4470764792980415,0
0.5807330300028598,-0.8077980107418643,0.6473695839874616,0.7519065053694248,2
0.7956690159133086,-0.5923730118389191,0.4785711346125367,0.3957741007661703,1
0.47320119095467206,0.7897598820009706,0.914730756764838,1.473363491841314,2
-1.6353960186413339,-1.7588389576454595,-1.4149684820773494,-1.1903355157979325,0
-0.28939984098546845,-0.38172262411341673,-0.09340547888818823,0.14150350878647913,1
-0.779513299854158,2.400184949523484,-1.2833890997091604,-1.4470764792980415,0
-0.9338705394735738,1.4842703840519544,-1.2850597182885612,-1.0609772058617477,0
-0.4249731868057466,-1.7531145034393278,0.12409639119685896,0.12619571858106007,1
-1.229030014651502,0.8130193288295324,-1.0472490138679824,-1.2805754130266895,0
1.6438441090188678,-0.1319794793216258,1.1606202575757745,0.5274062850564712,2
0.805357375333873,0.3637650018164639,0.7550217457065895,1.0863853629784566,2
-0.07278228253635251,-0.8218129271622591,0.08417269512356064,-0.03623824285406142,1
-0.8892495434629666,1.4817541448429445,-1.2767837331055831,-1.036632109389417,0
-0.08265295309235383,-0.8196668449337403,0.1592198846373985,-0.267180892381039,1
-0.8929010844078031,1.706898000387592,-1.276406715231981,-1.1448028327418016,0
-1.5081385190877175,0.8257717862706044,-1.3223246550459673,-1.1835832663090557,0
-1.1288277213781313,0.14042773338093478,-1.2799465075564476,-1.453821085296096,0
-0.09527859516802009,-1.0369483335505327,0.16200519948653036,0.013765090896524128,1
1.265953196290487,0.07183124033084204,0.9032326020455341,1.1816682157326959,2
0.5371359031349656,-1.2786164587781312,0.6569002011552039,0.4056981698334735,1
-0.4160096885232043,2.630381715782132,-1.3402265266227635,-1.3154442950077407,0
0.39439516158796045,-0.3679491149128056,0.33908717897962753,0.12379758113178693,1
-1.1336334607482812,-1.266687299645308,0.39656928707013306,0.6719178131578033,2
0.5315457913752096,-1.78232567276823,0.36723818853792567,0.08766579425767682,1
-0.4382055056146363,-1.4920432711340663,-0.014596201317981412,-0.10818116424547478,1
0.29342453241235555,-0.16585781667447413,0.48439152203836294,0.25705215986429086,1
0.18128297098638835,-0.359736091525948,0.4414980913913828,0.38444302766671906,1
0.582067214247502,-0.3871773487291644,1.030436717400117,0.7384414296402593,2
0.534193203886408,0.7841239223900002,1.0624048363659218,1.5824995989636008,2
-0.8721183547485274,1.711457396076241,-1.2704976461678408,-1.2248040218006984,0
-1.3853526520724144,0.3284140531956675,-1.3970639535363667,-1.3154442950077407,0
-1.2734290626188225,-0.16048962432388678,-1.3684536797493483,-1.450552255571464,0
0.08835665084088978,-0.1524543838318116,0.2610964941447848,0.3936240306909861,1
2.2693185022463145,-0.5989734899840115,1.6722609308806446,1.0578415416408495,2
0.5533332750260058,0.7888075857129598,1.0469454037485681,1.580463759378878,2
0.44147120125801603,-1.9660888583237466,0.435697205880161,0.4413099006136897,1
1.2675360415788002,0.11995682878834811,0.6566636563687004,0.3548910358252477,1
1.0226721469940343,0.5368902754646814,1.1189027353544316,1.7191201612914668,2
-1.0243265572690352,-2.4790335728064856,-0.15761281039918595,-0.23775624652764768,1
0.7133721315163462,0.07956746225661387,0.9901942144894118,0.7909682874174757,2
1.8785739241146888,-0.5909131099739944,1.3221996482728682,0.9125451847032239,2
0.6745011454696578,-0.36217624558027245,0.3080588538717274,0.13250973218556866,1
-0.20822938508031436,-0.1616187377924468,0.27344267257303206,0.028005180099332172,1
-1.163266878823261,0.09647246059788059,-1.3154247210676995,-1.4623116828339107,0
-0.5030475149462735,1.9753456622411565,-1.1425030739444033,-1.047077093506064,0
1.0535487186210262,0.08254805240268676,0.5572432328369176,0.43997448484004803,1
-0.052506077192250644,-0.8225697780975647,0.7627582691805523,0.9223028379273737,2
-1.0181888145048001,0.7753167812247342,-1.2020016707909424,-1.0206050982994714,0
-0.9001063198381668,-1.315863914591276,-0.40260181384459526,-0.14438309378957623,1
-0.923855160541305,1.0191347054621327,-1.2882219098617431,-1.3109839548394335,0
1.6438441090188678,0.3284140531956675,1.2742951114029808,0.7906706536370729,2
-0.4160096885232043,-1.282963310614858,0.13754657313091806,0.13250973218556866,1
0.0991433118053797,0.34382553400693416,0.605289628190925,0.8030991837804093,1
-0.0288379371668586,-0.8151339954053268,0.7678924964846197,0.9360380475975366,2
0.5533332750260058,0.5586108194543131,1.2742951114029808,1.712095943669179,2
-1.645813191514445,-1.7431213641677563,-1.403055139448713,-1.2041077597091416,0
1.0443243606236077,-1.2754153949013975,1.1878106800441297,0.8137909758776043,2
-1.178888254014067,1.2514525235564387,-1.3177034986578877,-1.4473447195811169,0
-0.030199722466009778,-0.8144166100667954,0.7669353686490414,0.9462906858036926,2
-0.2694947028603448,-0.808428400143752,0.29058268491956746,0.1015617811235508,1
-0.1714993898921713,-1.3092692863274487,0.7164552423385355,1.0409111999898033,2
-0.42269051872135827,-1.5175597084779036,-0.019666783179157956,-0.27408729834440587,1
-0.9133071669458211,1.0393088859648916,-1.3170535827932544,-1.2867263381766232,0
-1.2346769291484443,-0.14136613677562263,-1.3175595440810717,-1.196695828959174,0
0.8174992629290568,0.33575022139392413,0.7566627185569396,1.0628617315782303,2
-0.9747204495514551,0.9835638628092761,-1.3311822603178545,-1.174264209776322,0
-1.316271414956956,-0.1368499565225821,-1.3366928030711676,-1.4411582642855894,0
-1.2345268763283685,-0.15474424492563243,-1.3581386821217931,-1.4342135617156058,0
-0.3082253731851174,-0.5578762643873032,0.6453158731469156,1.0450701183057391,2
0.417181116212331,-1.986224343390111,0.404700564567155,0.37422849654671664,1
-0.31530399349151417,-0.8369659761014073,0.2442669311160607,0.1039414596953049,1
-0.999884268491255,-2.445092233088643,-0.12365282641519879,-0.25154596448063127,1
-1.2641847816287635,-0.1319794793216258,-1.3402265266227635,-1.18381211071744,0
-0.2835603847282118,-0.8321071517630405,0.2605405270037381,0.11229803933463332,1
0.5954771378920268,-1.7607396147355443,0.38209411459263604,0.13666357567051768,1
-0.8836301132380605,1.740180808097436,-1.0614782283731021,-1.0752184225727317,0
2.251114080587751,-0.14474967233608838,1.3122152580273683,1.4163853555357653,2
-1.0012974330061897,0.7920037611461449,-1.2195096193518378,-1.0511171184412065,0
-0.39513206270152235,0.973472846521802,-1.390142615378075,-1.2916585457826317,0
0.06662639666551888,-0.13433034649918071,0.2533656362103462,0.41272850639721714,1
-0.9438901723096563,1.7148926469255907,-1.2664627919190996,-1.2153156353863985,0
0.7883915965907038,0.34007297060000413,0.7488514058658639,1.1043350186490828,2
0.5319147678050448,0.806064526826123,1.0459463134043105,1.5740834393382694,2
-0.9090489527528953,0.9898690790022738,-1.331341534782243,-1.1745473207624861,0
-0.5371775589668552,0.7888075857129598,-1.2833890997091604,-1.052179926427139,0
-0.8838948906643999,-1.3103308431339544,-0.4642212277728736,-0.11428485076980788,1
0.4321654045823549,0.7888075857129598,0.9332705499213622,1.448831575088577,2
0.05003821245292052,0.303976584932022,0.6135511300573658,0.8044390146459962,1
-0.19674615259940278,-0.1763149209358224,0.24588791120605777,-0.010751059687795512,1
-0.43604055008591797,-1.7741618269782617,0.12329147109623734,0.14380490050421357,1
0.39622135550468995,0.8265806321721635,0.9094094582971335,1.4793941941747388,2
-1.2445514481818114,0.7948313387861771,-1.0878486250818369,-1.3179197845443948,0
-0.2986822867016735,-0.7602260448022665,0.24666635911928175,0.13761216391750014,1
0.31129544641695867,-0.6086179188629577,0.14014772823463337,0.13111414904489374,1
1.272042480063018,0.09906409346544416,0.6719576947665428,0.39617473388625235,1
2.251715717293693,1.6788385983219962,1.6744887610948085,1.2985401285952431,2
0.6602683769083811,0.10537756963281715,0.9847919394603524,0.7972342865427238,2
1.0380047568006114,0.5586108194543131,1.1037828306621715,1.712095943669179,2
-1.1383653967460299,0.1091172876991395,-1.2974964383645464,-1.450667697372668,0
-1.255657659701885,0.7967801303675536,-1.0593812370844478,-1.2991133715177525,0
0.10145582717887294,-0.1159496037409431,0.256972898274061,0.410746166875482,1
0.6667808109633991,0.09239075146556669,1.0023400452566544,0.7580998644295645,2
0.4248067380317164,-0.601582725630656,0.6313783221538811,0.7977179211994776,2
-0.17916125597063473,-0.5771635843617731,0.24162589722036165,0.12544684512411794,1
0.4005740982745162,0.7616836707355796,0.9335090047468865,1.4884444320499441,2
0.17205027565856124,0.784150880374853,0.43669386079208755,0.5285541635894456,1
-1.2552760482623986,0.8058339443117132,-1.2324889306671354,-1.3141137529692009,0
0.4342137712744675,-0.3388615373862857,0.35023802825840433,0.12097600713491684,1
-1.026217116721816,-2.397296892431931,-0.1509207078432385,-0.29838626795210377,1
0.524665761735108,-0.6194146505315106,0.7351077986053086,0.40560038845114543,2
-1.0144322631353002,-0.06661103059902532,-1.2095092014410027,-1.3295856076856047,0
-0.2971710711069473,-0.3294203521922661,-0.09690406375788226,0.08373845866957721,1
2.5096375984285593,1.7281505089862585,1.5142694816160298,1.0391880332329375,2
1.0257681811150154,0.09015173608148393,0.3277235164146041,0.2505661490233265,1
2.4852222392184453,1.727342877148439,1.4853453902807856,1.0574750133758928,2
1.2729459857632333,0.1008363088546295,0.6478119915246539,0.4103998347371447,1
0.06781112822617774,-0.13059237541944507,0.779697432361299,0.8274503476438626,2
0.5589816408293289,-1.7716531496101242,0.35219717239454645,0.12522321350648347,1
0.5788971894970534,-1.7458044892382678,0.347082682801595,0.12266755899263719,1
1.0380047568006114,-1.282963310614858,1.1606202575757745,0.7906706536370729,2
-1.022837710483099,1.001664562146505,-1.250951929633709,-0.8064736661266148,0
-0.8878560170596786,0.9901276241350674,-1.3335992061025508,-1.321494988150044,0
-0.5232612707744329,1.9325745976382573,-1.4175296855199928,-1.0541029642191666,0
1.305341743830532,0.0969062742820699,0.9290520217671274,1.1789879837883626,2
1.6513123422384892,0.30807269760130795,1.295511047733804,0.7607168727389407,2
-1.887185605522118,-0.1251303771704863,-1.511256573502722,-1.440800080606487,0
-1.1430169111851116,1.2492011182302531,-1.3402265266227635,-1.4470764792980415,0
0.551061272456356,0.5564560360994678,1.272726107855556,1.7083370190163494,2
2.2987493394273195,-0.16055298259038844,1.360324662500106,1.450233890987421,2
0.24203519690234768,-1.9889762915847056,0.12738857205100396,-0.2685074799261126,1
-1.116073434934621,1.2477793983284327,-1.313128159834249,-1.4452344642842632,0
-1.0197678717038499,-0.1350114171878776,-1.194754881144119,-1.3278849443854372,0
-0.41943223275403646,-1.4916970296070386,0.03174700139582521,-0.15868602051113825,1
-0.4216249179999176,1.0067466608031856,-1.3968936735456499,-1.2995501209467708,0
-0.009449741675854474,-0.8019403254518024,0.7792131952583157,0.9338253804950322,2
0.5481820076191627,-1.267657185534457,0.7214406884860359,0.9288492183484419,2
-0.2788870371955185,-0.11190980333754086,0.19127834009478945,0.16112006453644462,1
1.6347513216930922,1.252192968671924,1.3294544376136272,1.6947490045809668,2
0.16396312053512196,-1.971603634543561,0.11296408728027606,-0.3059818816622098,1
-1.0497808410303875,0.7823054451544703,-1.2192372047814013,-1.0399240663650036,0
-0.9006811702978099,1.0190043519716065,-1.3402265266227635,-1.18381211071744,0
-0.9988627335588918,-0.10597607871815837,-1.2550149370430683,-1.3216896470366217,0
-0.6435154104349201,1.4470711896465067,-1.2847294813213146,-1.338877847051311,0
-0.14510551190855,-1.2576840521646564,0.7179243371047714,1.0580208266337656,2
-0.9952735972546116,0.7558594757292231,-1.2516092591364287,-1.0841964789814098,0
-0.9006811702978099,1.7095946507475455,-1.2833890997091604,-1.18381211071744,0
0.5408314480611801,-1.7222720694493523,0.35854429963343476,0.10319425891642876,1
-1.6276883929597172,-1.7433568431321513,-1.3970639535363667,-1.18381211071744,0
-1.038761059392018,0.7561204690168075,-1.268052153797821,-1.0745213240993057,0
0.3009956555656561,-0.6295973853369704,0.5233423081056582,-0.02097421007368843,1
-0.1911910564072446,-0.3355771162796021,0.2241928642449904,0.16458529149268863,1
1.1791260651249735,0.3154807173676968,1.2008638625852526,1.475014722555197,2
2.234488666909615,-0.596910479323699,1.678185291366853,1.073587818057259,2
0.08266620378455042,-0.16010919953960848,0.23158012401569283,0.3813134547962944,1
-0.30002965739958404,-0.5997250924708539,0.6217014094447194,1.037821199429383,2
-0.16811671089456476,-0.5985577929975283,0.3846540057781905,0.1259976018325054,1
0.5384363121261534,-1.2764142777626106,0.7013670113996834,0.9323241854859139,2
-1.6819297150007932,-1.7352150455601973,-1.3658044483685547,-1.2063613829529765,0
1.1653449221294971,0.3050211064753896,1.196952272429456,1.446949683169413,2
-0.27092685675982453,-0.1278824421514269,0.47121855346327507,0.3991833054845304,1
0.500059707111119,-0.8396737228378165,0.6522684724367086,0.7886939473610964,2
-1.8535335620427391,-0.12701010274856836,-1.5462729934824757,-1.4367711701015737,0
0.6745011454696578,-0.8225697780975647,0.8764331230077588,0.9223028379273737,2
-1.627097648554711,-1.7427210747994217,-1.3994184861324732,-1.1595351431981749,0
-0.3117946568760702,-0.5935817905790592,0.6337664298300018,1.0573345522222095,2
-1.2582988298631985,0.1460435263303127,-1.1961930155612859,-1.3215738831933683,0
2.242418178429467,-0.5864634503815523,1.6752559921924335,0.9990381872809811,2
-1.0332435294157822,1.263550694794285,-1.3380120864528726,-1.315417505608452,0
-0.7704558352244304,2.3835984298424613,-1.3090670448445627,-1.4328040913607505,0
-0.779513299854158,-0.8225697780975647,0.08070914621731488,0.2641419164758693,1
-0.4512185272130515,-1.5028826698698814,-0.06658097398995214,-0.2645508787068768,1
-0.7782025458697771,-0.8108024546929998,0.043801902653918104,0.25059549614124904,1
-0.2623543650388839,-0.5882601969524176,0.5960267675930109,1.0471268154511142,2
-1.1277942702769277,0.1379829046806388,-1.2441408102547296,-1.339997385891971,0
-1.0221116143894313,-0.1618706097659578,-1.2518243123184245,-1.3148559889852736,0
0.5571089493005551,-0.5809072850182035,0.7359810621515653,0.4086708067365246,2
2.262954389624395,-0.5972470590438583,1.6864712928402026,1.0369393197183772,2
0.054769715499473764,0.31436727536044695,0.6230234065167535,0.7948986673530896,1
0.310997534138703,-0.1319794793216258,0.4785711346125367,0.2641419164758693,1
0.5686476794493962,-0.31536257700587567,1.0481788236385619,0.7753678479813353,2
2.21419980824417,-1.0349503565881923,1.7908433477798962,1.4589340835930869,2
-1.0180881238257273,1.0317366949772695,-1.2333435216935456,-0.7676445106921527,0
0.6579211325865555,0.10434384435859306,0.9750888253398007,0.8263730256082337,2
0.4541962825552848,0.7619173399781121,0.9492251137126905,1.434814701525528,2
1.1814172565261902,-0.146833757259721,0.9782017211441101,1.185772082557117,2
-0.33558911325200386,-0.8170847412643144,0.22992929332123813,0.13650130972153166,1
0.7900222567736088,0.33808817256272705,0.7761353813324671,1.050994379424063,2
1.0297304485177083,-0.13144560665811708,0.7794999905213722,1.4336384903640826,2
-0.32134484781645484,-0.5938421814316863,0.6497153501546308,1.0469692946407734,2
0.665076577028523,-0.613225852743971,1.0215885419826336,1.1845978011902156,2
0.03677862923744146,-0.11613119283240442,0.2765988547705218,0.37863539377243005,1
0.2306385104805591,-0.3508872205186275,0.43626997013682867,0.3771578677140728,1
-1.015517258264897,-0.10822218716281545,-1.214364458235939,-1.361257198107545,0
0.32053195372222343,-0.11731773633530176,0.4463757569035104,0.24769250319923972,1
1.2596818839271045,0.35309893248608704,1.1118625377898996,1.4525798741434792,2
-0.8213837466104575,2.3880297773020795,-1.2715593396650449,-1.4786994718066175,0
0.24404925025234436,-0.8279878000813028,0.7335898760685282,0.5134457829213642,1
0.3097125488587915,-0.5998934394398098,0.5634188349417539,0.019959146863915027,1
1.6613091010906287,-0.13037847034124722,1.1532006999852107,0.5479243067427679,2
2.257998771600179,-1.040815045932087,1.7692888212896993,1.4631820505053794,2
-0.03970489713289076,-0.8076227071371161,0.7865937229505978,0.9092505836218203,2
1.0199124516203644,-0.1472174361200678,0.8039564957142213,1.4592758414153728,2
0.7753190705768607,0.2968267261253474,0.7399527203032567,1.0530710687080382,2
-0.9220482278634974,1.7027170516637926,-1.257362612923172,-1.1721622829494476,0
-0.14647541648909862,-1.2723321622267187,0.6968095353712237,1.0491469477904962,2
0.4466440562443286,-0.5802665299881623,0.5902757026538651,0.7955680605478194,2
-0.4255443432135619,-1.504205516904414,0.008247685268671178,-0.12056108966251589,1
0.6745011454696578,-0.5923730118389191,1.0469454037485681,1.1855672065079756,2
-1.8817444530678162,-0.10577234745802289,-1.5233029138494036,-1.459805204396801,0
1.140744809114058,-0.12615092323595534,0.969405394771274,1.1794704780859244,2
-0.28020558875471147,-0.5623132627706424,0.6321447148221427,1.0586601786817798,2
1.522676238575216,-0.1319794793216258,1.2174576844893779,1.1855672065079756,2
-0.7165281769580439,1.4728702276706054,-1.2866853618605862,-1.3504764120023136,0
-1.781432929432739,-0.3626758855276613,-1.3329286599953052,-1.3043259171073225,0
0.2930742707196405,-0.5761502819735883,0.513373666749259,-0.0038898380688110606,1
-0.41578082392665533,-1.0547832829929311,0.351898239897527,-0.028825336811089862,1
0.5617317111774135,-0.6014591258790415,0.7312501049024746,0.3784650061600161,2
1.671991127180512,1.2538990760053719,1.3437925122026322,1.717736114917706,2
0.3182820376810685,-0.5914258939865379,0.5619978422972908,0.034515757245357395,1
-1.5065205225160663,0.09821728693702086,-1.2833890997091604,-1.3154442950077407,0
-0.1736739476359015,-0.5923730118389191,0.42173370769893376,0.13250973218556866,1
-0.9318086765136913,1.4971612366007248,-1.289966072078675,-1.0534060684325788,0
-0.9077336570078524,0.9947393721518332,-1.3241192804498387,-1.3289427769563609,0
1.170185461452508,0.32811929548316005,1.2369567869952949,1.4395954694001132,2
-0.5461581833430363,1.969712288406735,-1.3944316485465333,-1.0470168023365052,0
-0.28535224922152497,-0.5819702298187072,0.6791450158978268,1.0198118748597311,2
1.4262203455110942,0.34732064831557913,0.5658725293676139,0.271315820150156,1
0.5610034817040921,0.5978449729676396,1.2912692698705255,1.7036400371812308,2
-1.2750104280652839,0.7803428492789755,-1.0287597119549448,-1.3362501634114796,0
2.249683461237124,-0.1319794793216258,1.3311325383165837,1.448831575088577,2
-1.0424209734622958,1.2498752337364527,-1.3645816808854216,-1.3288633258108615,0
-0.1736739476359015,-1.0527665443562113,-0.1466405614370976,-0.262386820685334,1
-0.5270567667935053,1.8964601067923534,-1.3979274745304917,-1.012240877640482,0
-0.45723847917480953,-1.2786097281476156,0.15280456293809233,0.12690993485902344,1
-1.2510450131528437,0.7885269595188419,-1.0419923049473705,-1.3361400356207571,0
-1.0436898857196069,1.003545599054269,-1.2186031901215122,-0.7778070408757213,0
2.2471010387615764,-0.5958986253614447,1.6463167572252826,1.0486647017444444,2
-0.19089353889751484,-1.3045260549496325,0.6908653113274144,1.0583764177135615,2
0.6917681410331686,0.3433371701050907,0.8921476627285071,1.4560947935456308,2
1.4082566320944971,0.311768828243274,0.5489715964884001,0.2492688816869948,1
-0.3646283327228426,-1.2525272482284997,0.15995655472987233,0.12475615413958854,1
0.07654688954200858,-0.1430794315577358,0.7785154539073343,0.7767095269350495,2
0.5635541316205379,-1.2611347389626781,0.7180738624501556,0.9237755555548827,2
0.774698920944878,0.2922241166787331,0.7314248875073857,1.0360111610391989,2
-1.4876305024765502,0.8257724721833412,-1.329890410467419,-1.1912443539749404,0
1.0657822678594482,0.09936759736635556,0.37482846242431367,0.27146651475496014,1
-1.0159858934425317,-0.10637896822808673,-1.2351869536431468,-1.365464221392078,0
2.243442628540569,-0.5989127780867741,1.6815602814374746,1.037179351943555,2
-0.4088536277170321,1.0583414529742372,-1.3877312223250111,-1.3229664211253394,0
-1.2717322519574066,-0.16810387803275928,-1.3336601594707769,-1.149274821700066,0
0.40933061540169935,0.7689125757843774,0.9761816859616183,1.4452760607414232,2
-1.5394146258912678,0.7405996149154362,-1.321352649705062,-1.2035064692907693,0
0.5535430203825108,-0.8309632588978145,0.6569874137033588,0.766384118841461,2
1.1541860783389786,0.3150559086996587,1.1923669045405645,1.453894241177286,2
-0.44282486766634804,-1.522353466926805,0.028086557663589317,-0.09904348005663627,1
-0.1943391935060371,-1.0506593508990407,-0.15149771899687695,-0.2815416644825575,1
2.2227255953682317,-0.5517194222084387,1.6600525212178592,1.042569377674945,2
0.6541520229178962,-0.7664048444643702,0.888262397588427,0.9001893594150401,2
-0.2138095140143072,-0.36755488122765045,0.2523524730880877,0.10679436512942665,1
-0.2951834951182921,-0.09451159456834166,0.16391004593328948,0.15305557409503495,1
2.239681396390947,-0.6021794301112067,1.7031621018164527,1.0464413471181693,2
-1.127606282993825,-1.2767315685652205,0.43355174121484175,0.657737921733672,2
-0.1915250227316544,-0.3483206552591698,0.2684489629707603,0.16367728977392143,1
-0.37995372029310387,-1.0478487911890635,0.3703113137435119,-0.01729729345080979,1
-0.4175270160100955,-1.3064099869831103,0.13471573582060845,0.13386046190978793,1
0.5682722617075106,0.5266404943178473,1.2624858713633795,1.6893762774051038,2
-0.5467464752508157,1.9452143732945346,-1.16866387696408,-1.0580217068628042,0
-1.6630922508178188,-1.724285435341792,-1.387966600279374,-1.2060144789267961,0
1.0431278517451636,0.574099517331952,1.079153406713667,1.1645598378514146,2
-1.1066732061871274,-1.2960519153740808,0.42816094854074327,0.671881199644077,2
-0.48016867389785267,1.9277291578013178,-1.3683296926401014,-1.0473062477745405,0
-1.1933593145579608,0.07772740396982486,-1.258706788019865,-1.370988556139847,0
0.5644153688010041,0.8112315377491403,1.0282005442323845,1.5623402363018117,2
0.6523293314233902,0.33699666966316244,0.9097505529678714,1.455130663890624,2
1.0384349527137393,0.5032126194313978,1.128663906815149,1.1882995680255715,2
0.45053633924221015,-0.36849186194809624,0.2960177962586575,0.16663548549215834,1
-1.4984942353122301,0.29618980596443795,-1.354727637651399,-1.3270754501725874,0
-1.1363471896012822,1.2566435086440337,-1.3137872927176184,-1.453930274357363,0
-0.40851409911574854,-1.7534992246849992,0.17629230001164464,0.13277717320929502,1
-1.3853509394362733,0.3135762738973733,-1.3907278372578409,-1.3173894797996677,0
-0.44284174976491114,-1.5242066768494595,-0.04960779043764982,-0.2544608801913882,1
1.5571913759860814,-0.14572287450986643,1.2233855258223423,1.1918196992805592,2
-0.9041393465221553,1.463368975888535,-1.2747746008846066,-1.0692058808461053,0
1.6855381401736014,0.33002726470783045,1.2730605909703534,0.7968489628135622,2
-1.880251229774998,-0.14489473423092852,-1.5045036188865697,-1.4551140699434801,0
-0.7804587213520984,2.4059193832314096,-1.3035668017987894,-1.432594899386531,0
0.5438848624580732,0.5445123204215598,1.3052673597640994,1.7104498931358367,2
-1.5199430249407198,0.765006028582017,-1.3595525560666584,-1.1827427789817437,0
-1.1118509570554125,0.10198523353723614,-1.3079025873263332,-1.342799783951823,0
-1.0328784986489707,-0.08220720586266435,-1.2178454254938609,-1.3266325934841765,0
-0.4017200169886421,-1.5342413786139593,-0.012606144702939585,-0.25306286804996175,1
-0.8879959671725829,1.735334533828125,-1.2938258217327523,-1.1925178112812753,0
-1.1391684306162788,-1.3047169794929425,0.44770038770575704,0.6362411876306354,2
-1.5047650172368812,0.10494176374401615,-1.299255219331575,-1.3149127377071563,0
0.7163849100533876,0.1262342360774204,0.9521509452583437,0.8190841797340379,2
-0.9189391791172735,1.713498500795934,-1.2556767646138793,-1.2887280882196182,0
-0.43596032504482735,-1.5074760221737908,-0.013035321163911238,-0.264980815064005,1
-1.1430169111851116,-1.282963310614858,0.42173370769893376,0.659038469346772,2
0.18982966369505214,-1.973553609390797,0.13754657313091806,-0.262386820685334,1
-0.3034170841215177,-0.8201269020452734,0.2432225819254163,0.12708372865018283,1
1.2732708436209068,0.10009939349290929,0.8957905814309881,1.1625904840003527,2
0.5602126799697216,-0.8301721299650766,0.6371442408122757,0.7469548220071456,2
-0.5518824957609637,0.7712512834756526,-1.2741859300545009,-1.03241442157229,0
0.2282463620741206,-0.808537380168743,0.7613566336119182,0.5199800193275772,1
1.2638702445364092,0.06501785540716046,0.9185731413061952,1.145284248399706,2
-0.5648730235804257,0.7835467755833264,-1.2982475536467057,-1.0336979702183446,0
-0.18793534655366875,-0.37809418285677066,0.24240259715318294,0.15895238055531136,1
0.5594671698776217,-1.7456878013147776,0.3638827217729321,0.14663640863949853,1
1.2898729369555753,0.3298144493086852,1.1334210380605843,1.4511345449311166,2
0.18427523563276255,-1.957301418190835,0.10685909697523245,-0.27272419730237546,1
-0.3038941531250727,-0.11182329624559675,0.4273627066656108,0.3818268799577796,1
2.2042115981413977,-0.6003585271833134,1.6720832466567934,1.0383165658105722,2
0.5713301370460223,-1.2969125777858566,0.7161828339536199,0.9274553029754505,2
0.29266160495245197,-0.5939311407662579,0.5263761717748684,-0.02188258426720457,1
-0.16269247729167696,-0.3791942978282322,0.24300266472655188,0.13430108362958793,1
1.1757669055963789,-0.12300803428391309,0.9857104187624124,1.1968628421406442,2
0.328669627008789,-0.14852338573517318,0.4423726554719484,0.295003092413038,1
0.09378285834028728,-0.12607998559003294,0.2129081543343103,0.4165340596135975,1
1.3233860455051012,0.10303801791819359,0.6117970522539955,0.3757322235882495,1
0.5445977436360315,-1.266583554619074,0.6443620874424877,0.3896418799903072,1
0.5876763717180876,-0.607058067016099,0.749143497100386,0.39316694937391866,2
0.44554868609175824,-1.9817155585382662,0.42401091020853166,0.41050668713937366,1
-0.43804998635280046,-1.5390162974268424,-0.02275288983804493,-0.2318091525389722,1
1.0249962627832052,0.5934406300794387,1.082753751439216,1.7206462628601795,2
0.3118030570444465,-0.11222339185851021,0.43947637755918917,0.2246763406611889,1
2.249683461237124,-1.0527665443562113,1.7858319536254093,1.448831575088577,2
0.5335014714246454,0.8097243412469646,1.0315999037820036,1.5874572284852007,2
0.06809321269340414,-0.1280069843697089,0.29539537451608233,0.3853015910900333,1
0.18642290143947632,0.8113465339760739,0.43335305365954774,0.5420384369496968,1
-1.1161860690182355,-1.2698881279089609,0.39790059471444805,0.6622680539145822,2
1.0285998164030596,0.5205121969823502,1.1210349665916246,1.7359211139831179,2
0.3917981160245137,-0.5812561728344332,0.6346893433815467,0.8184540434002533,2
-0.9186956740544753,1.737063090223053,-1.2872197465666633,-1.1557435784944967,0
-1.0241929240100416,-0.1491717637591516,-1.2132970072392353,-1.3024429721406308,0
0.3290381663530409,-0.5630996058403003,0.5553453421844915,-0.017801978876558284,1
2.247407256563938,-0.5602695078296797,1.6684182602634046,1.0800676622297265,2
-1.8649416871910671,-0.15925486359879276,-1.5112039389989815,-1.4070175595788912,0
-0.20953189235697353,-0.5631393447398025,0.1863510014700081,0.11749946217727976,1
-1.1648880170599163,-1.2742392718838849,0.42212063668486055,0.6870379115009,2
0.5263847988135401,0.7997731289310014,1.020009492554392,1.5759536876310916,2
-0.2934189725882409,-0.12023412504301866,0.4022822032967362,0.4105637906261418,1
-0.7710008644947538,-0.796705404600942,0.10353666080426496,0.26437617893272597,1
1.0232745105059518,0.5336157915874006,1.0754846552797108,1.6653141409765826,2
-0.4209679904492742,-1.7467244109797675,0.1289868680788054,0.18518972850300103,1
1.0619299405595441,0.07976166451407252,0.34501979775546654,0.2602130532487728,1
0.4321654045823549,-0.5923730118389191,0.5922459884397431,0.7906706536370729,2
0.1929564950358662,-0.3422417595707375,0.446521290261148,0.3824766069156626,1
-1.0332287381980094,-0.13243697248849623,-1.2578401293053392,-1.3108701811176662,0
-0.401299807811583,-1.0235230196804992,0.35575108763127944,0.002905925929843697,1
1.0587355170480621,-1.2710913122362666,1.1435037292710775,0.7937015979352817,2
0.5907569594193669,-0.5842766365337149,0.7550127210631041,0.41109347079698405,2
0.4559037171853902,0.8078226641420816,0.9422021534979521,1.4673772737692719,2
-0.29033699758547854,-0.7941156048010263,0.2640486236466779,0.16504860585893671,1
-1.3921633198444352,0.2874759336891752,-1.4269946044546664,-1.2881747212845247,0
-0.7550422388056575,2.385192413134863,-1.2964849071514182,-1.4900101827333958,0
-0.33211114538431413,-0.6086291896477836,0.6687241863971722,1.0191963555494468,2
-1.5065205225160663,0.7888075857129598,-1.3402265266227635,-1.18381211071744,0
2.2694627341416966,1.695069077869292,1.6574711304949235,1.3042910898267193,2
-1.501616695269081,0.7761820561646156,-1.3111743792640045,-1.1926226807542313,0
-1.0158114824014826,0.8070424809374204,-1.2363428509699255,-1.0558980140807146,0
-1.1233524961776575,-0.1394200330659152,-1.3500311723369864,-1.2972773781249607,0
-1.4870470160054703,0.7576588824771209,-1.3236277817119537,-1.175717286021688,0
-1.7468793986047395,-0.34581224167466057,-1.349178483276563,-1.3164351930212697,0
0.21477807179121872,-0.8391438507677317,0.7348573812831253,0.5462528559741711,1
1.1404383217559226,0.3045212846956915,1.222468565728943,1.450150870012087,2
0.28543956134102333,-0.6193763738396532,0.1344513140278067,0.10873881582180815,1
1.2442910548672972,0.08476949729980753,0.6533937067664336,0.37528928484304025,1
0.18982966369505214,-0.8225697780975647,0.7627582691805523,0.5274062850564712,1
-0.052506077192250644,-1.0527665443562113,0.13754657313091806,0.0008775478952676988,1
0.5533387563991317,0.7941461111044754,1.0888199656965125,1.587186833119588,2
-0.06442490547429171,-1.052540643434009,0.15514295827087987,-0.029061493717923787,1
-0.9151617197915805,0.7342791053857541,-1.310976415083642,-1.3516464850083352,0
-0.9306518708620841,1.0409502107149933,-1.346862816305425,-1.161526530712127,0
0.7819455639715694,-0.5738955445884885,0.4946012813662711,0.40130893841473364,1
-0.8938971325373576,1.4804495456753626,-1.2987148768890162,-1.0341812981225829,0
0.4349884768170773,-0.3641479507890881,0.29134539451466124,0.13107016528387913,1
1.1294520538913306,-0.15310296513089505,0.9750792385867834,1.2024412412957268,2
0.43446609623270055,-0.6182019305630759,0.5888451543297497,0.8182884651166494,2
-0.9181175179353567,1.6985384109412078,-1.2725265280046192,-1.2029192392708634,0
1.034620283679268,0.11363511238346431,0.543246189930854,0.3879035653051071,1
-1.2686689948281153,-0.13410616179051943,-1.3407867266636644,-1.1793021825604304,0
1.2914435562229463,0.3117857573579323,1.0915957071636866,1.4713640996016237,2
-0.5105518974994968,1.933310319408775,-1.2084429470629967,-1.0775330729778425,0
0.43321726231761765,-0.37499971365575246,0.29751835423387907,0.11001747210842455,1
-1.3579436621121528,0.3286619091203452,-1.2224917346450228,-1.3373075723235939,0
-0.1696884022218069,-1.3081393088684723,0.6966789095338968,1.0656768724950736,2
-1.2460182927912595,-0.14677453171477614,-1.3703061765855444,-1.5063503824320503,0
-0.8945044862640169,1.7110759151947648,-1.0477534377982358,-1.0198648229639564,0
-0.1853772121819976,-0.3714192109678474,0.28084236416714276,0.13033960998262348,1
-0.9429811074550054,1.0316359197320775,-1.3251345835492856,-1.3204649344732806,0
-0.39099049597413293,-1.2875201098062343,0.1574788710157427,0.11871130283134575,1
0.5557300146071199,-1.3461556566435522,0.7095021984679617,0.9351422852641438,2
1.0303329943027069,0.10488170494665712,0.5194167199779332,0.38874558317034835,1
1.6423968522356671,-0.15362841400638585,1.1484262028574497,0.5550559520447972,2
2.21450861501676,-1.0609080147620085,1.8149509505639474,1.4563508518584372,2
1.6547721467364398,1.2489537406277056,1.3248276051223593,1.76061565035356,2
-0.7934828230622537,2.418647202400352,-1.2507782907296723,-1.466474013206057,0
1.2803404976879142,0.09821728693702086,0.9332705499213622,1.1855672065079756,2
0.4315415028225724,-1.985563313319294,0.42411853156281387,0.4021322861104433,1
0.2023935076308748,-0.38604869186022167,0.42238174700640707,0.3987197187798204,1
0.5782393797583886,0.5411275557337849,1.280564589061129,1.7134549608038232,2
0.7956690159133086,0.3284140531956675,0.7627582691805523,1.0539350222176747,2
0.4592852993450185,-0.5874925029408644,0.5652982610270539,0.7595626160285595,2
1.1677423741754993,-0.5704016615034111,0.5942079561543196,0.31088566994092776,1
0.7797536199506272,-0.5949443662674786,0.46635714584605226,0.441754447984635,1
-1.1433733234323935,0.07966028376920867,-1.2902426583892006,-1.3170755915212051,0
-0.052506077192250644,-0.8225697780975647,0.194384000044521,-0.262386820685334,1
-0.8551643356331633,1.709555171791742,-1.2752203428764268,-1.1514837166559266,0
0.3238083448304699,-0.5736932402414463,0.14008641037619857,0.07125136670717966,1
-1.141637220609275,-0.14045472487526078,-1.3764160532173488,-1.318874620268871,0
-1.2564043557978868,-0.11141956477130537,-1.361418088406444,-1.4495759568067283,0
1.279521807105065,0.05307656306457987,0.8927817914632992,1.1881546693980878,2
0.5533332750260058,-1.282963310614858,0.6490834153533465,0.3957741007661703,1
-0.15346280763128256,-0.3746089265482592,0.21433746539920961,0.0941885624986947,1
0.5713069886881601,-0.5655513817816581,0.7786787859303489,0.4328209790569097,2
-0.442427431833111,-1.7476020964007266,0.1580618829122667,0.12414671687670341,1
-0.4047438071273541,-1.7424475855260186,0.12134812359992783,0.1338627767382693,1
1.8795515001652503,-0.5955822281099165,1.3252913195791645,0.9671269849904047,2
0.31084396676151455,-0.5732411601046281,0.5199687744509057,0.03401574859457487,1
1.6503289969616184,-0.1587495487893751,1.1665537530790162,0.517635382211391,2
-1.2220354556719506,-0.1305527583612747,-1.33701956097158,-1.1622933607466899,0
-1.1438305796311368,-1.2979128802231652,0.4694578612069405,0.6577149889852063,2
1.2799366219642891,0.0847328874576099,0.6629182721053106,0.42448558678228393,1
-0.28364263979260246,-0.1919665801166876,0.4455632561544359,0.3348385904884932,1
1.2776547330178623,0.3186990153574065,1.077269112456918,1.4877158817688585,2
-0.43081540602325724,2.6381541332297833,-1.3311668488011335,-1.30902910666008,0
1.1703428819218604,-0.15889909294223753,1.0023348440611286,1.142829216691958,2
0.5235293547699074,-1.7303428372264615,0.3492128363400339,0.19368314881357707,1
-0.9204868476671559,1.6908700180303988,-1.2722071239775938,-1.1882415870297947,0
-0.9006811702978099,1.7095946507475455,-1.2265516727955572,-1.3154442950077407,0
-0.43964819569002794,2.6716888147248605,-1.3594339706143594,-1.300464050374663,0
-0.9226732758926278,1.716680943580694,-1.218958604955542,-1.2897049132089693,0
0.5647556651800193,-0.8222091575175081,0.6285352388430063,0.7808706433943134,2
-0.8891029435545911,0.8015197681876267,-1.2523209443516445,-1.2899118605832536,0
-0.39698697416915835,-1.5292848093941098,0.060431860109284766,-0.15342368014965627,1
-1.0234188729052356,1.0149556872647427,-1.4193782370455745,-1.188396674160545,0
-0.40127597583807956,-1.4891157574813552,0.0004551710493812429,-0.11566164417214843,1
-0.388869121735941,1.015827170009143,-1.4109965072813004,-1.3199202122793465,0
0.1969715913953691,-1.9638630370976646,0.679180134812034,0.4145192862203846,2
0.558859888844728,-0.8606698390577521,0.6297285109862132,0.8019616775603324,2
-0.9006811702978099,-1.282963310614858,-0.4308276960051133,-0.13075463639503299,1
-0.17923134890194273,3.083848794481259,-1.2709828598911983,-1.0453843307898776,0
-1.5036809602982604,0.08142562131670145,-1.306348319842059,-1.3342434310292943,0
-0.8962291186633062,1.7011445368615803,-1.0338918375698736,-1.0436072091450366,0
0.6830000437134811,-0.5842044780081345,1.0859865771894106,1.1722034720320567,2
0.40184454842921763,0.7877145007473905,0.9001305093592249,1.459405150631968,2
1.0470542298431265,-1.2850728396592175,1.1934958218062306,0.7968963649401641,2
0.7908541719141623,0.30348348306211265,0.7436332311147937,1.048296318734262,2
1.6511163595208789,-0.09535504393109126,1.1931239658375639,0.5345984918820774,2
